jobId,jobTitle,careerCluster,seniorityLevel,description,requiredSkills,skillCount,certifications,topRelatedRoles
job-001-net-developer,.NET Developer,Backend & Software Development,Mid Level,Develops applications using .NET framework technologies including C#. Responsibilities include application design/development/testing.,NET; C#; ASP.NET; SQL Server; Web API; MVC; Entity Framework; LINQ; Git; Cloud Computing,10,Microsoft Certified: .NET Developer; MCP: Programming in C#,C# Developer; Sharepoint Developer; Python Developer; Java Developer; Full Stack Python Developer/Programmer/Engineer
job-002-2d-artist-animator,2d Artist/Animator,"Game, VFX & Creative Production",Mid Level,Creates 2D animations for various media.,2D Animation; Drawing; Illustration; Animation Software,4,Toon Boom Certified Artist; Autodesk SketchBook Certification,Character Designer; Computer Graphics Animator; Technical Animator; Storyboard Artist; Motion Graphics Artist
job-003-3d-artist-animator,3d Artist/Animator,"Game, VFX & Creative Production",Mid Level,Creates 3D animations for various media.,3D Animation; Modeling; Texturing; Rigging,4,Autodesk Maya Certified Professional; Blender Cloud Certification,Rigging Artist; Computer Graphics Animator
job-004-accessibility-specialist,Accessibility Specialist,Frontend & Web Development,Mid Level,"Ensures digital content meets accessibility standards (e.g., WCAG). Conducts audits/reviews to improve accessibility compliance.",WCAG; ARIA; Accessibility Testing; Assistive Technologies; HTML; CSS; JavaScript; UI/UX; ADA Compliance; Web Accessibility Guidelines; User Experience Design,11,IAAP CPACC; W3C Web Accessibility Specialist; IAAP Certified Professional in Accessibility Core Competencies (CPACC); Web Accessibility Specialist (WAS),Front-End Designer; Junior Web Developer; React Developer; Entry Level Web Developer; Junior Front End Developer
job-005-admin-big-data,Admin Big Data,Big Data Engineering,Mid Level,"Responsible for managing and overseeing big data infrastructure, ensuring data integrity, security, and availability. Requires expertise in Hadoop, Spark, and data warehousing solutions.",Hadoop; Spark; MapReduce; Data Lakes; Data Warehousing; Big Data Architecture; NoSQL; Data Modeling; ETL; Cloud Computing; AWS; Azure; Data Governance; Security; Big Data Management; SQL,16,Cloudera Certified Professional (CCP); Hortonworks Certified Associate (HCA); AWS Certified Big Data – Specialty; Cloudera Certified Administrator (CCA); Google Cloud Professional Data Engineer,Big Data Architect; Big Data Specialist; Principle Engineer in Big Data; Big Data Engineer
job-006-agile-project-manager,Agile Project Manager,Product & Project Management,Lead / Manager,"Manages Agile projects by facilitating Scrum ceremonies (e.g., sprint planning). Ensures team adherence to Agile principles/methodologies.",Agile Methodologies; Scrum; Kanban; Project Management; Stakeholder Management; Communication; Jira; Confluence; Project Management Tools; Leadership,10,Project Management Professional (PMP); Certified ScrumMaster (CSM); PMI Agile Certified Practitioner (PMI-ACP); Certified Scrum Master (CSM); SAFe Agilist Certification,Iteration Manager; Product Manager; Web Project Manager; Project Manager; Requirements Manager
job-007-ai-researcher,AI Researcher,AI & Machine Learning,Mid Level,"Conducts research in artificial intelligence and machine learning, developing new algorithms and techniques.",AI/ML Algorithms; Python; Research Methodologies; Data Analysis,4,Google TensorFlow Developer Certificate; IBM AI Engineering Professional Certificate,Artificial Intelligence Researcher; Artificial Intelligence Engineer; Natural Language Processing Engineer; Machine Learning Engineer; Principle Engineer in Machine Learning
job-008-ai-software-architect,AI Software Architect,AI & Machine Learning,Senior,"Designs and implements AI software systems, ensuring scalability and performance.",AI/ML Architecture; Software Design; Cloud Computing; Data Modeling,4,Microsoft Certified: Azure AI Engineer Associate; AWS Certified Machine Learning - Specialty,Principle Engineer in Artificial Intelligence; Machine learning Architect; Artificial intelligence Architect; Principle Engineer in Machine Learning; Artificial Intelligence / Machine Learning Leader
job-009-android-developer,Android Developer,Mobile Development,Mid Level,Develops mobile applications using Android SDK/Java/Kotlin technologies while focusing on UI/UX design principles.,Android SDK; Java; Kotlin; UI/UX Design; REST APIs; SQL; Android Studio; Firebase; Mobile Development; Mobile App Development,10,Associate Android Developer; Google Play Store Certification; Google Associate Android Developer; Meta Android Developer Professional Certificate,IOS Developer; Mobile App Developer; Mobile Application Developer; Mobile Developer
job-010-animation-director,Animation Director,"Game, VFX & Creative Production",Executive / Director,"Directs animation projects, ensuring artistic quality and storytelling effectiveness.",Animation Direction; Storytelling; Team Leadership; Project Management,4,Toon Boom Harmony Certification; School of Motion Animation Bootcamp,Graphic Effects Supervisor; Art Director
job-011-animator,Animator,"Game, VFX & Creative Production",Mid Level,"Creates animations for various media, including films, games, and websites.",Animation Software; 2D/3D Animation; Storyboarding; Visual Effects,4,Adobe Certified Professional (ACP) in After Effects; Toon Boom Harmony Certification,Motion Graphics Artist; Computer Graphics Animator; Visual Effects Animator; VFX Artist; Technical Animator
job-012-ansible-automation-engineer,Ansible Automation Engineer,Cloud & DevOps Engineering,Mid Level,Automates IT tasks using Ansible playbooks/scripts while managing configurations across environments.,Ansible; Automation; Infrastructure as Code; Cloud Computing; AWS; Azure; Linux; Python; Scripting; Networking; Automation Scripts,11,Red Hat Ansible Automation Certification; AWS Certified DevOps Engineer - Professional; Red Hat Certified Specialist in Ansible Automation,Senior Ansible Development Engineer; DevOps Engineer; Cloud engineer; Ansible Operations Engineer; Cloud administrator
job-013-ansible-operations-engineer,Ansible Operations Engineer,Cloud & DevOps Engineering,Mid Level,"Focuses on automating IT processes using Ansible. Responsibilities include writing playbooks, managing configurations, and ensuring system reliability.",Ansible; Linux; Automation; Cloud Platforms; CI/CD; Infrastructure as Code; Kubernetes; Docker; AWS; Terraform; Python; Scripting; Networking,13,Red Hat Certified Specialist in Ansible Automation; AWS Certified DevOps Engineer – Professional,DevOps Engineer; Senior DevOps Engineer; Senior Ansible Development Engineer; AWS DevOps Engineer; Ansible Automation Engineer
job-014-api-developer,API Developer,Backend & Software Development,Mid Level,Develops and implements APIs for integrating systems and applications.,API Design; RESTful Services; Programming Languages; Security,4,Zabbix Certified Specialist,Software Development Engineer; Software Architect; Lead Programmer; Application Engineer; Application Designer
job-015-appdynamics-engineer,AppDynamics Engineer,Cloud & DevOps Engineering,Mid Level,Monitors application performance using AppDynamics tools while providing insights into application health/performance metrics.,AppDynamics; Application Performance Monitoring; Troubleshooting; Java; NET; Cloud Computing; Metrics; Alerting,8,AppDynamics Certification; Cisco Application Centric Infrastructure (ACI),New Relic Engineer; Datadog Engineer; Prometheus Engineer; Grafana Engineer; SonarQube Engineer
job-016-application-designer,Application Designer,Backend & Software Development,Mid Level,"Designs software applications, ensuring usability and functionality.",Application Design; UI/UX Principles; Programming Languages; Software Architecture,4,Google UX Design Certificate; Nielsen Norman Group UX Certification,Software Development Engineer; Software Architect; Lead Programmer; Application Engineer; API Developer
job-017-application-engineer,Application Engineer,Backend & Software Development,Mid Level,"Develops and maintains software applications, troubleshooting issues and ensuring stability.",Application Development; Programming Languages; Troubleshooting; System Administration,4,AWS Certified DevOps Engineer; Google Cloud Professional Data Engineer,Software Development Engineer; Software Architect; Lead Programmer; Application Designer; API Developer
job-018-application-security-engineer,Application Security Engineer,Cybersecurity,Mid Level,Focuses on securing applications through vulnerability assessments/pentesting while implementing security best practices.,Application Security; SAST; DAST; Penetration Testing; Vulnerability Management; OWASP; Secure Coding; Cloud Security; Security Protocols; Secure Coding Practices; Compliance,11,Certified Information Systems Security Professional (CISSP); Certified Ethical Hacker (CEH); Offensive Security Certified Professional (OSCP),Security Specialist; Information Security Analyst; Cloud Security Engineer; Mobile Security Specialist; IT Security Specialist
job-019-art-director,Art Director,"Game, VFX & Creative Production",Executive / Director,"Leads art teams, providing visual direction and ensuring aesthetic consistency.",Art Direction; Visual Design; Team Leadership; Project Management,4,Adobe Certified Professional in Photoshop & Illustrator; Gnomon School of Visual Effects Certification,Graphic Effects Supervisor; Animation Director
job-020-artifactory-administrator,Artifactory Administrator,Cloud & DevOps Engineering,Mid Level,"Manages the Artifactory repository for build artifacts. Responsibilities include configuring repositories, managing access permissions, and integrating with CI/CD pipelines.",Artifactory; CI/CD; Jenkins; Docker; Maven; Gradle; Build Automation; Version Control; Git; Cloud Computing; Linux; JFrog CLI; Repository Management; DevOps Tools; CI/CD Pipelines,15,JFrog Artifactory Certification; DevOps Institute Certifications; JFrog Certified DevOps Engineer; AWS Certified DevOps Engineer - Professional,Artifactory Engineer; Build Engineer; Build and Release Engineer; Senior Build Engineer; Jenkins Engineer
job-021-artifactory-engineer,Artifactory Engineer,Cloud & DevOps Engineering,Mid Level,Manages Artifactory repositories while integrating them into CI/CD pipelines to ensure efficient artifact management.,Artifactory; CI/CD; Jenkins; Maven; Gradle; Docker; Build Automation; Version Control; Git; Cloud Computing; Linux; DevOps Practices; Continuous Integration; Software Packaging,14,JFrog Artifactory Certification; DevOps Institute Certifications; JFrog Certified DevOps Engineer; AWS Certified DevOps Engineer - Professional,Artifactory Administrator; Build Engineer; Senior Build Engineer; Jenkins Engineer; Nexus Engineer
job-022-artificial-intelligence-machine-learning-leader,Artificial Intelligence / Machine Learning Leader,AI & Machine Learning,Mid Level,"Leads AI/ML projects and teams, defining strategy and overseeing implementation. Requires strong leadership skills and knowledge of AI technologies.",AI Strategy; Machine Learning; Team Management; Project Management; Cloud Computing; Data Science; Deep Learning; Communication; Budgeting; Stakeholder Management; AI/ML Frameworks; Leadership; Strategic Planning,13,AI-900: Microsoft Azure AI Fundamentals; Certified Artificial Intelligence Practitioner (CAIP); Google TensorFlow Developer Certificate; Microsoft Certified: Azure AI Engineer Associate; AWS Certified Machine Learning - Specialty,Artificial Intelligence / Machine Learning Sr.Leader; Principle Engineer in Artificial Intelligence; Artificial intelligence Architect; Principle Engineer in Machine Learning; Machine learning Architect
job-023-artificial-intelligence-machine-learning-sr-leader,Artificial Intelligence / Machine Learning Sr.Leader,AI & Machine Learning,Senior,"Senior role overseeing multiple AI/ML initiatives. Responsible for strategic planning, team management, and ensuring alignment with business goals.",AI Strategy; Machine Learning; Team Management; Project Management; Cloud Computing; Data Science; Deep Learning; Communication; Budgeting; Stakeholder Management; Innovation; Mentoring; Advanced AI/ML; Leadership; Strategic Vision,15,Certified Artificial Intelligence Practitioner (CAIP); AI-900: Microsoft Azure AI Fundamentals; Google TensorFlow Developer Certificate; Microsoft Certified: Azure AI Engineer Associate; AWS Certified Machine Learning - Specialty,Artificial Intelligence / Machine Learning Leader; Principle Engineer in Artificial Intelligence; Principle Engineer in Machine Learning; Machine learning Architect; Artificial intelligence Architect
job-024-artificial-intelligence-architect,Artificial intelligence Architect,AI & Machine Learning,Senior,"Designs AI systems and architecture. Responsible for selecting appropriate technologies, ensuring scalability, and integrating AI solutions into existing systems.",AI Architecture; Machine Learning; Cloud Computing; Data Science; Deep Learning; System Design; AWS; Azure; Scalability; Security; Model Deployment; AI/ML Frameworks; System Architecture; Data Modeling,14,Google Cloud Professional Machine Learning Engineer; AWS Certified Solutions Architect – Professional; Google Professional Machine Learning Engineer; Microsoft Certified: Azure AI Engineer Associate,Machine learning Architect; Principle Engineer in Artificial Intelligence; Artificial Intelligence / Machine Learning Leader; Principle Engineer in Machine Learning; Machine Learning Engineer
job-025-artificial-intelligence-engineer,Artificial Intelligence Engineer,AI & Machine Learning,Mid Level,"Develops AI models and applications, implementing machine learning algorithms.",AI/ML Algorithms; Python; Deep Learning; Neural Networks,4,TensorFlow Developer Certificate; AWS Certified Machine Learning - Specialty,AI Researcher; Artificial Intelligence Researcher; Principle Engineer in Machine Learning; Natural Language Processing Engineer; Principle Engineer in Artificial Intelligence
job-026-artificial-intelligence-researcher,Artificial Intelligence Researcher,AI & Machine Learning,Mid Level,Conducts research in AI to develop new algorithms and models. Publishes findings in scientific journals and collaborates with academic institutions.,Machine Learning; Deep Learning; Research Methods; Python; TensorFlow; PyTorch; Data Analysis; Statistical Analysis; Algorithm Design; Scientific Writing; Research Methodologies; AI/ML Algorithms,12,Certified Data Scientist (CDS); IEEE Certified Artificial Intelligence Engineer; IBM AI Engineering Professional Certificate; Stanford AI Certificate (Online),AI Researcher; Machine Learning Engineer; Artificial Intelligence Engineer; Principle Engineer in Machine Learning; Principle Engineer in Artificial Intelligence
job-027-automation-specialist,Automation Specialist,General IT & Software,Mid Level,Designs and implements automation solutions to improve efficiency and reduce manual effort.,Automation Tools; Scripting; Process Improvement; Testing,4,Google Apigee Certification; AWS Certified Developer - Associate,
job-028-aws-devops-engineer,AWS DevOps Engineer,Cloud & DevOps Engineering,Mid Level,Implements DevOps practices on AWS platform while utilizing services like EC2/S3/Lambda to automate deployments.,AWS; DevOps; CI/CD; Terraform; Ansible; CloudFormation; Docker; Kubernetes; Linux; Automation; Scripting; AWS Services; DevOps Practices; CI/CD Pipelines,14,AWS Certified DevOps Engineer - Professional; Docker Certified Associate; AWS Certified Solutions Architect - Associate,GCP DevOps Engineer; Azure DevOps Engineer; Ansible Operations Engineer; DevOps Engineer; Jenkins Engineer
job-029-aws-solutions-architect,AWS Solutions Architect,Cloud & DevOps Engineering,Senior,Designs scalable cloud architectures on AWS platform while providing guidance on best practices/security compliance.,AWS; Cloud Architecture; AWS Lambda; EC2; S3; CloudFormation; DevOps; Terraform; Security; Cloud Security; Networking; AWS Services; Solution Design; Cost Optimization,14,AWS Certified Solutions Architect - Associate; AWS Certified Solutions Architect - Professional; AWS Certified Solutions Architect - Associate / Professional,Cloud Architect; AWS DevOps Engineer; Senior DevOps Architect; DevOps Architect; Senior Cloud Architect
job-030-azure-devops-engineer,Azure DevOps Engineer,Cloud & DevOps Engineering,Mid Level,Implements DevOps solutions on Azure platform while utilizing Azure DevOps services/tools to automate deployments.,Azure; DevOps; CI/CD; Terraform; Ansible; ARM Templates; Docker; Kubernetes; Linux; Automation; Scripting; Azure Services; DevOps Practices; CI/CD Pipelines,14,Microsoft Certified: Azure DevOps Solutions Expert; Azure Fundamentals; Microsoft Certified: DevOps Engineer Expert; Azure Administrator Associate,GCP DevOps Engineer; AWS DevOps Engineer; DevOps Engineer; Jenkins Engineer; Ansible Operations Engineer
job-031-back-end-developer,Back End Developer,Backend & Software Development,Mid Level,Develops the server-side logic and APIs for web applications.,Server-Side Programming; Databases; API Development; Frameworks,4,AWS Certified Developer - Associate; Oracle Certified Java Developer,Mulesoft Developer
job-032-bamboo-engineer,Bamboo Engineer,Cloud & DevOps Engineering,Mid Level,"Manages CI/CD processes using Bamboo. Responsibilities include configuring build plans, integrating with version control systems, and ensuring smooth deployment pipelines.",Bamboo; CI/CD; Atlassian Suite; Automation; Scripting; Build Automation; Version Control; Git; CI/CD Pipelines; Software Configuration Management,10,Atlassian Bamboo Certification; CI/CD Certifications; Atlassian Bamboo Certification (if available); AWS Certified DevOps Engineer - Professional,GitLab Engineer; Build Engineer; Senior Build Engineer; MAVEN Engineer; Gradle Engineer
job-033-big-data-architect,Big Data Architect,Big Data Engineering,Senior,"Designs big data solutions and architecture. Responsible for data modeling, ETL processes, and ensuring the performance of big data systems.",Hadoop; Spark; Kafka; MapReduce; NoSQL; Data Warehousing; Cloud Computing; AWS; Azure; Data Lakes; Data Modeling; ETL; Data Governance; Security; Big Data Technologies; System Design,16,Cloudera Certified Data Architect; AWS Certified Solutions Architect – Associate; Google Cloud Professional Data Engineer; Cloudera Certified Data Engineer; AWS Certified Big Data - Specialty,Admin Big Data; Big Data Specialist; Principle Engineer in Big Data; Big Data Engineer
job-034-big-data-engineer,Big Data Engineer,Big Data Engineering,Mid Level,"Builds and maintains big data pipelines. Responsible for data ingestion, transformation, and storage using technologies like Hadoop and Spark.",Hadoop; Spark; Kafka; SQL; NoSQL; Python; Java; Scala; Data Pipelines; ETL; Data Warehousing; Cloud Computing; ETL Processes; Data Processing; Database Management,15,Google Cloud Professional Data Engineer; AWS Certified Big Data – Specialty; Cloudera Certified Data Engineer; AWS Certified Big Data - Specialty,Big Data Architect; Admin Big Data; Big Data Specialist; Principle Engineer in Big Data
job-035-big-data-specialist,Big Data Specialist,Big Data Engineering,Mid Level,Analyzes large datasets to extract insights. Requires knowledge of statistical analysis tools and big data technologies.,Hadoop; Spark; Data Analysis; Data Visualization; SQL; NoSQL; Data Modeling; ETL; Cloud Computing; Data Mining; Statistical Analysis; Big Data Technologies,12,Certified Big Data Analytics (CBDA); IBM Certified Data Engineer - Big Data; Google Cloud Professional Data Engineer; Cloudera Certified Data Engineer; AWS Certified Big Data - Specialty,Big Data Architect; Admin Big Data; Big Data Engineer; Principle Engineer in Big Data
job-036-bitbucket-engineer,Bitbucket Engineer,Software Development (General),Mid Level,"Administers Bitbucket repositories for version control. Responsible for managing user permissions, branch strategies, and pull requests.",Bitbucket; Git; Version Control; CI/CD; Atlassian Suite; Branching Strategies; Code Review; CI/CD Integration,8,Atlassian Bitbucket Certification; GitHub Proficiency Certifications; Atlassian Certified Bitbucket Administrator,Git Engineer; UDeploy Engineer; Software Engineer; New Grad Software Engineer; Junior Software Engineer
job-037-blockchain-developer,Blockchain Developer,Blockchain & Emerging Tech,Mid Level,Develops blockchain-based applications and smart contracts. Requires knowledge of blockchain frameworks such as Ethereum and programming languages like Solidity.,Blockchain; Ethereum; Smart Contracts; Solidity; Cryptocurrency; Distributed Ledger; Consensus Algorithms; Web3; JavaScript; Node.js; Blockchain Technologies; Cryptography,12,Certified Blockchain Developer; Ethereum Developer Certification; Certified Blockchain Developer (CBDE); Ethereum Developer Certification (Consensys Academy),
job-038-build-and-release-engineer,Build and Release Engineer,Cloud & DevOps Engineering,Mid Level,"Manages the build process for software applications. Responsible for automating builds, managing release schedules, and ensuring software quality.",CI/CD; Jenkins; Git; Maven; Gradle; Docker; Kubernetes; Automation; Scripting; Linux; Build Tools; CI/CD Pipelines; Build Systems; Configuration Management,14,Certified Jenkins Engineer; AWS Certified DevOps Engineer – Professional; AWS Certified DevOps Engineer - Professional; Google Cloud DevOps Engineer,Senior Build and Release Engineer; Build Engineer; Senior Build Engineer; Jenkins Engineer; DevOps Engineer
job-039-build-engineer,Build Engineer,Cloud & DevOps Engineering,Mid Level,Focuses on building software applications from source code. Responsibilities include configuring build environments and troubleshooting build issues.,Maven; Gradle; Ant; Jenkins; CI/CD; Git; Build Automation; Scripting; Linux; Version Control; Build Systems; Automation; Software Configuration Management,13,AWS Certified Developer – Associate; Jenkins Certification; AWS Certified DevOps Engineer - Professional; Google Cloud DevOps Engineer,Senior Build Engineer; Build and Release Engineer; Senior Build and Release Engineer; Bamboo Engineer; Artifactory Engineer
job-040-business-intelligence-analyst,Business Intelligence Analyst,Data Science & Analytics,Mid Level,Analyzes data to provide insights and support business decision-making.,Data Analysis; SQL; Data Visualization; Business Acumen,4,UiPath Certified Professional; Automation Anywhere Certified Advanced RPA Professional,Power BI Analyst; Data Science Specialist; Principle Engineer in Data Analysis; Data Analyst; Power BI Developer
job-041-business-intelligence-developer,Business Intelligence Developer,Data Science & Analytics,Mid Level,"Develops business intelligence solutions, creating reports and dashboards.",Business Intelligence Tools; Data Modeling; SQL; ETL Processes,4,Microsoft Certified: Power BI Data Analyst; Tableau Desktop Specialist,Principle Engineer in Data Analysis; Power BI Developer; Power BI Analyst; Data Analysts; Business Intelligence Analyst
job-042-business-systems-analyst,Business Systems Analyst,Enterprise Systems & ERP/CRM,Mid Level,Analyzes business needs and translates them into technical requirements. Works closely with stakeholders to improve processes and implement technology solutions.,Business Analysis; Requirements Gathering; Process Improvement; Stakeholder Management; SQL; Data Analysis; UML; BPMN; Process Analysis; System Design; Documentation,11,CBAP - Certified Business Analysis Professional; PMI-PBA - PMI Professional in Business Analysis; IIBA Certified Business Analysis Professional (CBAP); PMI Professional in Business Analysis (PMI-PBA),Computer Systems Analyst
job-043-c-developer,C# Developer,Backend & Software Development,Mid Level,"Develops applications using C# and .NET technologies. Responsibilities include designing, coding, testing, and debugging software applications.",C#; NET; ASP.NET; SQL Server; Web API; MVC; Entity Framework; LINQ; Git; Cloud Computing; NET Framework; Software Development; Object-Oriented Programming,13,Microsoft Certified: C# Programmer; NET Framework Certification; Microsoft Certified: Azure Developer Associate; MCSD: App Builder (Retired but relevant),.NET Developer; Java Developer; Sharepoint Developer; Python Developer; Full Stack Python Developer/Programmer/Engineer
job-044-character-designer,Character Designer,"Game, VFX & Creative Production",Mid Level,"Designs characters for animation, games, and other media.",Character Design; Illustration; Drawing; Animation,4,Concept Art Academy Certification; Schoolism Character Design Course,2d Artist/Animator; Visual Effects Animator; Storyboard Artist; Rigging Artist; Unity Developer
job-045-chef-inspec-engineer,Chef InSpec Engineer,Cloud & DevOps Engineering,Mid Level,Utilizes Chef InSpec for compliance automation. Responsible for writing tests to ensure systems meet security and compliance standards.,Chef InSpec; Compliance as Code; Automation; Security; Configuration Management; Linux; Cloud Computing; Compliance Automation; Infrastructure Testing; Ruby,10,Chef InSpec Certification; HashiCorp Terraform Associate; Chef Certified Developer; Chef Certified Automation Engineer,Puppet Operations Engineer; Puppet Engineer; Chef Operations Engineer; OpenShift Engineer; Kubernetes Engineer
job-046-chef-operations-engineer,Chef Operations Engineer,Cloud & DevOps Engineering,Mid Level,"Utilizes Chef for configuration management. Responsible for writing cookbooks, managing infrastructure as code, and automating deployment processes.",Chef; Ruby; Automation; Configuration Management; Linux; Cloud Computing; AWS; Azure; Infrastructure as Code; Infrastructure Management,10,Chef Certification; AWS Certified DevOps Engineer – Professional; Chef Certified Developer; Chef Certified Automation Engineer,Puppet Operations Engineer; Puppet Engineer; Packer Engineer; Senior Ansible Development Engineer; Ansible Automation Engineer
job-047-chief-information-officer,Chief Information Officer,Executive & Technology Leadership,Executive / Director,"Leads IT organizations, defining IT strategy and overseeing IT operations.",IT Strategy; Leadership; Budgeting; Project Management,4,Certified Information Security Manager (CISM); Certified Chief Information Security Officer (CCISO),Chief Information Officer (CIO); Technology Officer; Director of Engineering; Technology Manager; IT Director
job-048-chief-information-officer-cio,Chief Information Officer (CIO),Executive & Technology Leadership,Executive / Director,"Leads IT organizations, defining IT strategy and overseeing IT operations.",IT Strategy; Leadership; Budgeting; Project Management,4,Certified Information Systems Security Professional (CISSP); Certified Chief Information Officer (CCIO),Chief Information Officer; Technology Officer; Director of Engineering; Technology Manager; IT Director
job-049-chief-technology-officer-cto,Chief Technology Officer (CTO),Executive & Technology Leadership,Executive / Director,"Leads technology initiatives, driving innovation and overseeing research and development.",Technology Strategy; Innovation; Research and Development; Team Leadership,4,TOGAF 9 Certified; AWS Certified Solutions Architect - Professional,Technology Officer; Technology Manager; IT Program Engagement Director; IT Director; Integration Director
job-050-cloud-administrator,Cloud administrator,Cloud & DevOps Engineering,Mid Level,"Manages and maintains cloud infrastructure, ensuring availability and performance.",Cloud Computing; AWS; Azure; Google Cloud; Linux; Networking; Security; Automation; Scripting; Virtualization; Cloud Platforms; System Administration,12,CompTIA Cloud+; Cloud Security Alliance CCSK; AWS Certified SysOps Administrator; Microsoft Certified: Azure Administrator Associate,Cloud engineer; OpenStack Engineer; Kubernetes Engineer; kubernetes Administrator; Senior Ansible Development Engineer
job-051-cloud-architect,Cloud Architect,Cloud & DevOps Engineering,Senior,Designs cloud architecture solutions to meet business requirements. Responsible for selecting appropriate cloud services and ensuring scalability/security.,Cloud Architecture; AWS; Azure; Google Cloud; Terraform; Cloud Security; Networking; Microservices; CI/CD; Automation; Docker; Kubernetes; Cloud Platforms; System Architecture; DevOps,15,Google Cloud Professional Cloud Architect; AWS Certified Solutions Architect; AWS Certified Solutions Architect - Professional; Google Professional Cloud Architect,DevOps Architect; Senior DevOps Architect; Senior Cloud Architect; Ansible Operations Engineer; Senior DevOps Engineer
job-052-cloud-automation-engineer,Cloud automation engineer,Cloud & DevOps Engineering,Mid Level,Automates cloud infrastructure management using tools like Terraform or Ansible. Focuses on deploying resources efficiently across cloud environments.,Cloud Computing; Automation; Terraform; Ansible; Python; Scripting; CI/CD; AWS; Azure; Google Cloud; Cloud Automation Tools; Configuration Management; DevOps,13,HashiCorp Terraform Associate; Azure Automation Certifications; AWS Certified DevOps Engineer - Professional; HashiCorp Certified Terraform Associate,DevOps Engineer; Senior DevOps Architect; DevOps Architect; Senior Ansible Development Engineer; Ansible Automation Engineer
job-053-cloud-computing-specialist,Cloud Computing Specialist,Cloud & DevOps Engineering,Mid Level,"Manages and maintains cloud infrastructure, ensuring availability and performance.",Cloud Platforms; Virtualization; System Administration; Security,4,AWS Certified Solutions Architect; Google Professional Cloud Architect,Cloud System Administrator; Cloud administrator; OpenStack Engineer; Cloud engineer; Infrastructure Architect
job-054-cloud-engineer,Cloud engineer,Cloud & DevOps Engineering,Mid Level,"Builds and maintains cloud infrastructure. Responsibilities include configuring cloud services, optimizing performance, and ensuring security compliance.",Cloud Computing; AWS; Azure; Google Cloud; Linux; Networking; Security; Automation; Scripting; Virtualization,10,Google Cloud Associate Cloud Engineering; CompTIA Cloud+,Cloud administrator; Kubernetes Engineer; kubernetes Administrator; Senior Ansible Development Engineer; OpenStack Engineer
job-055-cloud-migration-specialist,Cloud Migration Specialist,Cloud & DevOps Engineering,Mid Level,"Plans and executes cloud migration projects, ensuring smooth transitions.",Cloud Platforms; Migration Tools; System Migration; Project Management,4,Microsoft Certified: Power BI Data Analyst Associate; Tableau Desktop Specialist,Senior IT Consultant; Cloud/Software Developer; Cloud/Software Architect; Cloud/Software Applications Engineer; Cloud System Engineer
job-056-cloud-network-engineer,Cloud network engineer,Cloud & DevOps Engineering,Mid Level,"Designs and manages networking solutions within cloud environments. Focuses on VPCs, subnets, routing configurations, and security groups.",Cloud Networking; AWS; Azure; Google Cloud; VPC; Subnets; Routing; Security Groups; Firewalls; Virtual Networks; Network Security; Cloud Platforms,12,Cisco CCNA Cloud; Cisco CCNP Cloud; Google Professional Cloud Network Engineer; AWS Certified Advanced Networking - Specialty,Terraform Engineer; Cloud administrator; Packer Engineer; Cloud Architect; Senior Cloud Architect
job-057-cloud-security-engineer,Cloud Security Engineer,Cybersecurity,Mid Level,"Implements security measures for cloud environments. Responsibilities include identity management, data protection, and compliance auditing.",Cloud Security; IAM; Identity and Access Management; Encryption; AWS; Azure; GCP; Vulnerability Management; Compliance; Security Protocols; Cloud Platforms,11,Certified Cloud Security Professional (CCSP); CompTIA Security+; AWS Certified Security - Specialty; Google Professional Cloud Security Engineer,Application Security Engineer; Security Specialist; Information Security Analyst; IT Security Specialist; Infosec Analyst/Cybersecurity Analyst
job-058-cloud-system-administrator,Cloud System Administrator,Cloud & DevOps Engineering,Mid Level,"Manages and maintains cloud infrastructure, ensuring availability and performance.",Cloud Platforms; System Administration; Virtualization; Networking,4,Microsoft Certified: Azure Administrator Associate; AWS Certified SysOps Administrator,Cloud Computing Specialist; OpenStack Engineer; Cloud administrator; Nagios Engineer; Operations Engineer
job-059-cloud-system-engineer,Cloud System Engineer,Cloud & DevOps Engineering,Mid Level,"Engineers cloud infrastructure, implementing automation and ensuring system reliability.",Cloud Platforms; System Engineering; Automation; Scripting,4,AWS Certified Advanced Networking - Specialty; Red Hat Certified Specialist in OpenShift Administration,Cloud administrator; Groovy Engineer; Gerrit Engineer; Gerrit Administrator; Ansible Operations Engineer
job-060-cloud-software-applications-engineer,Cloud/Software Applications Engineer,Cloud & DevOps Engineering,Mid Level,Develops and deploys applications on cloud platforms.,Cloud Platforms; Application Development; Cloud Services; DevOps,4,Google Professional Cloud Developer; AWS Certified DevOps Engineer - Professional,Cloud/Software Developer; Cloud/Software Architect; Cloud System Engineer; Cloud System Administrator; Cloud Migration Specialist
job-061-cloud-software-architect,Cloud/Software Architect,Cloud & DevOps Engineering,Senior,Designs and oversees the implementation of cloud computing strategies.,Cloud Platforms; System Architecture; Cloud Security; DevOps,4,AWS Certified Solutions Architect - Professional; Google Professional Cloud Architect,Cloud/Software Applications Engineer; Cloud Architect; DevSecOps Architect; Infrastructure Architect; Cloud/Software Developer
job-062-cloud-software-developer,Cloud/Software Developer,Cloud & DevOps Engineering,Mid Level,Develops software applications on cloud platforms.,Cloud Platforms; Programming Languages; Software Development; Cloud Services,4,AWS Certified Developer - Associate; Microsoft Certified: Azure Developer Associate,Cloud/Software Applications Engineer; Cloud/Software Architect; Cloud System Engineer; Cloud System Administrator; Cloud Migration Specialist
job-063-cnc-programmer,CNC Programmer,Backend & Software Development,Mid Level,Creates CNC programs for machining operations. Responsible for interpreting blueprints and optimizing tool paths for efficiency.,CNC Programming; G-Code; CAD/CAM; Machining; Manufacturing Processes; Blueprints; Toolpath Optimization; CNC Machines; CAD/CAM Software,9,CNC Programming Certificate; Mastercam Certification; Siemens NX Certification; Autodesk Fusion 360 CAM Certification,
job-064-coder,Coder,Backend & Software Development,Mid Level,Writes code in various programming languages to develop software applications. Responsibilities include debugging and maintaining code quality.,Programming; Algorithms; Data Structures; Problem Solving; Debugging; Software Development; Programming Languages; Scripting,8,CompTIA IT Fundamentals+; Coding Bootcamp Certificates; AWS Certified Developer - Associate; Microsoft Certified: Azure Fundamentals,Computer Programmer; Entry Level Programmer; Programmer; Software Development Engineer; Lead Programmer
job-065-compositor,Compositor,"Game, VFX & Creative Production",Mid Level,"Combines visual elements to create final images for films, television, and other media.",Compositing; Visual Effects; Color Correction; Image Manipulation,4,Nuke Certified Artist (Foundry); Adobe Certified Professional in After Effects,Visual Effects Animator; VFX Artist; Motion Graphics Artist; Effects Technical Director (FX TD); Animator
job-066-computer-and-information-research-manager,Computer and Information Research Manager,General IT & Software,Lead / Manager,Manages computer and information research projects and teams.,Research Management; Team Leadership; Budgeting; Project Management,4,Google Machine Learning Engineer Certification; AWS Certified Machine Learning - Specialty,Sharepoint Manager; Manager Unix; Manager Php; Manager .NET; Manager Hardware
job-067-computer-and-information-research-scientist,Computer and Information Research Scientist,Data Science & Analytics,Mid Level,Conducts research in computer science and develops new technologies.,Research Methodologies; Data Analysis; Programming; Scientific Writing,4,Certified AI Engineer (CAE); TensorFlow Developer Certificate,Computer Research Scientist; Power BI Analyst; Intelligence Specialist; Data Science Specialist; Business Intelligence Analyst
job-068-computer-forensic-analyst,Computer Forensic Analyst,Cybersecurity,Mid Level,"Investigates cybercrimes and security incidents, collecting and analyzing digital evidence.",Digital Forensics; Incident Response; Data Recovery; Legal Compliance,4,GIAC Certified Forensic Analyst (GCFA); Certified Computer Examiner (CCE),Security Engineer; Infosec Analyst/Cybersecurity Analyst; Director of Security; Cybersecurity Specialist; Cybersecurity Engineer
job-069-computer-graphics-animator,Computer Graphics Animator,"Game, VFX & Creative Production",Mid Level,"Creates animations using computer graphics software. Responsibilities include modeling, rigging, and rendering 3D assets.",3D Animation; 2D Animation; Motion Graphics; Adobe Creative Suite; Maya; Blender; Storyboarding; Visual Effects; Animation Software; 3D Modeling; Graphic Design,11,Adobe Creative Suite Certifications; Maya Certifications; Autodesk Maya Certified User; Adobe Certified Expert (ACE),Motion Graphics Artist; Animator; Visual Effects Animator; VFX Artist; 2d Artist/Animator
job-070-computer-hardware-engineer,Computer Hardware Engineer,Hardware & Embedded Engineering,Mid Level,"Designs and tests hardware components for computers. Responsibilities include circuit design, prototyping, and troubleshooting hardware issues.",Hardware Design; Circuit Design; Embedded Systems; Microprocessors; PCB Design; Testing; Validation,7,CompTIA A+; Cisco CCNA; Cisco Certified Technician (CCT); Microsoft Certified: Windows Server Hybrid Administrator Associate,
job-071-computer-network-architect,Computer Network Architect,Networking & Systems Administration,Senior,Designs network infrastructures to support organizational needs. Responsible for selecting hardware/software solutions to optimize network performance.,Network Design; Routing; Switching; Security; LAN/WAN; TCP/IP; VPN; Firewalls; Cloud Networking; Network Protocols; System Architecture,11,Cisco CCNP Network Design; Cisco CCIE Routing and Switching; Cisco Certified Network Professional (CCNP); AWS Certified Advanced Networking - Specialty; Juniper Networks Certified Expert (JNCIE),Network Engineer; Network Architect; Entry Level Network Engineer; Network Infrastructure Specialist; Computer Network Specialist
job-072-computer-network-specialist,Computer Network Specialist,Networking & Systems Administration,Mid Level,"Manages and maintains computer networks, ensuring stability and security.",Networking; Troubleshooting; System Administration; Security,4,CompTIA Network+; Cisco Certified Network Professional (CCNP),Network and Systems Administrator; Linux Administrator; IT Systems Administrator; Entry Level Network Engineer; Systems Administrator
job-073-computer-programmer,Computer Programmer,Backend & Software Development,Mid Level,Writes code to create software applications based on specifications. Responsibilities include debugging code and collaborating with other developers.,Programming; Algorithms; Data Structures; Debugging; Software Development; Python; Java; C++; Programming Languages,9,Oracle Java Programmer Certification; Microsoft Technology Associate (MTA); CompTIA IT Fundamentals+; Oracle Certified Associate (OCA) - Java; Microsoft Certified: Azure Developer Associate,Programmer; Entry Level Programmer; Coder; Software Development Engineer; Lead Programmer
job-074-computer-research-scientist,Computer Research Scientist,Data Science & Analytics,Mid Level,Conducts research in computing fields to develop new technologies or methodologies. Publishes findings in academic journals and presents at conferences.,Research Methods; Data Analysis; Algorithms; Machine Learning; Publications; Scientific Writing; Programming; Research Methodologies,8,Certified Data Scientist (CDS); IEEE Certified Artificial Intelligence Engineer; Google TensorFlow Developer Certificate; IBM AI Engineering Professional Certificate,Computer and Information Research Scientist; Data Science Specialist; Data Scientist; Power BI Analyst; Intelligence Specialist
job-075-computer-support-specialist,Computer Support Specialist,IT Support & Operations,Mid Level,"Provides technical support to end-users, resolving hardware and software issues.",Technical Support; Troubleshooting; Customer Service; Hardware/Software,4,CompTIA A+; Microsoft Certified: Modern Desktop Administrator Associate,IT Support Specialist; Help Desk Technician; Technology Assistant; IT Technician; IT Apprentice
job-076-computer-systems-analyst,Computer Systems Analyst,Enterprise Systems & ERP/CRM,Mid Level,Analyzes computer systems to identify improvements in efficiency or functionality. Works closely with stakeholders to gather requirements and implement solutions.,System Analysis; Requirements Gathering; Data Analysis; Process Improvement; UML; SQL; Stakeholder Management; Systems Analysis; IT Consulting,9,Certified Business Analysis Professional (CBAP); ITIL Foundation Certification; Certified Information Systems Auditor (CISA); PMI Professional in Business Analysis (PMI-PBA),Business Systems Analyst
job-077-confluence-engineer,Confluence Engineer,Cloud & DevOps Engineering,Mid Level,"Manages Confluence as a collaboration tool within teams. Responsibilities include configuring spaces, managing permissions, and supporting documentation efforts.",Confluence; Atlassian Suite; Collaboration; Documentation; Workflow Configuration; User Management; Collaboration Tools,7,Atlassian Confluence Certification; AgilePM Certification; Atlassian Confluence Administrator Certification,JIRA Engineer; Jira Administrator; Github Engineer; Bamboo Engineer
job-078-consul-engineer,Consul Engineer,Cloud & DevOps Engineering,Mid Level,Implements service discovery solutions using HashiCorp Consul. Responsible for configuring service mesh capabilities and ensuring application connectivity.,Consul; Service Discovery; Configuration Management; Networking; Automation; Cloud Computing; Infrastructure Automation,7,HashiCorp Certified: Consul Associate; Cloud Security Alliance CCSK; HashiCorp Certified Consul Associate,Nomad Engineer; OpenStack Engineer; Puppet Operations Engineer; Puppet Engineer; Infrastructure Architect
job-079-coverage-py-engineer,Coverage.py Engineer,QA & Testing,Mid Level,Utilizes Coverage.py for measuring code coverage in Python applications. Responsible for implementing testing strategies to improve code quality.,Coverage.py; Python; Testing; Code Coverage; Quality Assurance; CI/CD; Python Testing; Test Coverage Analysis; Software Quality,9,Python Institute Certifications; Certified Software Development Professional (CSDP); No direct certification; recommended: Python Institutes PCPP-32-2 (Advanced Python Programming),JaCoCO Engineer; PyTest Engineer; JUnit Engineer; Selenium Engineer; QA Engineer
job-080-customer-service-representative,Customer Service Representative,IT Support & Operations,Mid Level,"Provides customer service, resolving issues and providing technical support.",Customer Service; Communication; Problem Solving; Technical Support,4,ITIL Foundation; Google IT Support Professional Certificate,IT Support Specialist; IT Apprentice; Help Desk Technician; Computer Support Specialist; Technology Specialist
job-081-cybersecurity-analyst,Cybersecurity Analyst,Cybersecurity,Mid Level,Protects computer systems and networks from cyber threats.,Security Protocols; Threat Analysis; Compliance; Incident Response,4,AWS Certified Solutions Architect - Associate; Google Professional Cloud Architect,Infosec Analyst/Cybersecurity Analyst; Cybersecurity Specialist; Security Engineer; IT Security Specialist; Cybersecurity Engineer
job-082-cybersecurity-engineer,Cybersecurity Engineer,Cybersecurity,Mid Level,Implements and manages security measures to protect computer systems and networks.,Security Protocols; Threat Analysis; Risk Management; Incident Response,4,Certified Ethical Hacker (CEH); GIAC Security Essentials Certification (GSEC),Security Engineer; IT Security Specialist; Infosec Analyst/Cybersecurity Analyst; Cybersecurity Specialist; Cybersecurity Analyst
job-083-cybersecurity-specialist,Cybersecurity Specialist,Cybersecurity,Mid Level,Protects computer systems and networks from cyber threats.,Security Protocols; Threat Analysis; Compliance; Incident Response,4,CompTIA Security+; Certified Information Systems Security Professional (CISSP),Infosec Analyst/Cybersecurity Analyst; Cybersecurity Analyst; Security Engineer; IT Security Specialist; Cybersecurity Engineer
job-084-data-analyst,Data Analyst,Data Science & Analytics,Mid Level,"Analyzes data sets to extract insights that inform business decisions. Proficient in SQL, Excel, and data visualization tools like Tableau or Power BI.",SQL; Excel; Data Visualization; Power BI; Python; R; Statistics; Data Mining; Data Cleansing; Tableau; ETL; Data Modeling; Data Analysis; Statistical Analysis,14,Microsoft Certified: Data Analyst Associate; Google Data Analytics Professional Certificate; Microsoft Certified: Power BI Data Analyst Associate,Data Analysts; Principle Engineer in Data Analysis; Data Scientist; Power BI Developer; Power BI Analyst
job-085-data-analysts,Data Analysts,Data Science & Analytics,Mid Level,"Analyzes datasets to provide actionable insights. Requires proficiency in SQL, Excel, and data visualization tools like Tableau or Power BI.",SQL; Excel; Data Visualization; Power BI; Python; R; Statistics; Data Mining; Data Cleansing; Tableau; ETL; Data Modeling,12,Microsoft Certified: Data Analyst Associate; Tableau Desktop Specialist,Data Analyst; Data Scientist; Principle Engineer in Data Analysis; Power BI Developer; Power BI Analyst
job-086-data-architect,Data Architect,Data & Database Engineering,Senior,"Designs data models and architecture for databases. Responsible for ensuring data quality, integrity, and security across systems.",Data Modeling; Data Warehousing; ETL; SQL; NoSQL; Data Governance; Cloud Computing; AWS; Azure; Data Integration; Data Security; Database Design; ETL Processes,13,IBM Certified Data Architect - Big Data; Google Cloud Professional Data Architect; Google Professional Data Engineer; AWS Certified Data Analytics - Specialty,Data Engineer; Data Modeler; Data Warehouse Programming Specialist; SQL Developer; Oracle SQL Developer
job-087-data-engineer,Data Engineer,Data & Database Engineering,Mid Level,"Builds data pipelines to support analytics initiatives. Requires expertise in ETL processes, SQL databases, and big data technologies.",SQL; ETL; Data Warehousing; Python; Spark; Hadoop; Cloud Computing; Data Pipelines; Data Modeling; ETL Processes; Big Data Technologies; Database Management,12,Google Cloud Professional Data Engineer; AWS Certified Big Data – Specialty; Microsoft Certified: Azure Data Engineer Associate; Databricks Certified Data Engineer,Data Warehouse Programming Specialist; Data Architect; Data Warehouse Manager; Data Modeler; SQL Developer
job-088-data-modeler,Data Modeler,Data & Database Engineering,Mid Level,Creates data models that define how data is stored within databases. Works closely with architects to ensure alignment with business requirements.,Data Modeling; SQL; Data Warehousing; Database Design; ER Diagrams; Data Governance; Data Modeling Techniques; Data Analysis,8,IBM Certified Data Modeler; Data Management Association (DAMA) CDMP; DAMA Certified Data Management Professional (CDMP); IBM Certified Data Architect,Database Architect; Database Analyst; Data Warehouse Programming Specialist; Data Architect; SQL Developer
job-089-data-quality-engineer,Data Quality Engineer,Data & Database Engineering,Mid Level,"Ensures data quality by profiling, monitoring, and improving data accuracy and consistency.",Data Quality Tools; Data Profiling; SQL; Data Governance,4,CompTIA Security+; Certified Information Systems Security Professional (CISSP),Data Modeler; Database Developer; Database Architect; Database Analyst; Data Warehouse Programming Specialist
job-090-data-science-specialist,Data Science Specialist,Data Science & Analytics,Mid Level,Applies data science techniques to analyze data and solve business problems.,Data Analysis; Machine Learning; Statistical Modeling; Data Visualization,4,Microsoft Certified: Azure Data Scientist Associate; Google Data Analytics Professional Certificate,Business Intelligence Analyst; Principle Engineer in Data Analysis; Computer Research Scientist; Power BI Developer; Power BI Analyst
job-091-data-scientist,Data Scientist,Data Science & Analytics,Mid Level,Utilizes statistical analysis and machine learning techniques to derive insights from complex datasets. Proficient in programming languages like Python or R.,Python; R; Machine Learning; Data Science; Statistics; SQL; Hadoop; Spark; Data Wrangling; Data Visualization; Cloud Computing; Statistical Analysis; Data Mining; Programming,14,Certified Analytics Professional (CAP); Microsoft Certified: Azure Data Scientist Associate; IBM Data Science Professional Certificate; AWS Certified Machine Learning - Specialty,Data Analyst; Data Analysts; Principle Engineer in Data Analysis; Data Science Specialist; Business Intelligence Analyst
job-092-data-warehouse-manager,Data Warehouse Manager,Data & Database Engineering,Lead / Manager,Manages data warehouse projects and teams.,Data Warehousing; ETL Processes; Data Modeling; Team Leadership,4,Snowflake SnowPro Core Certification; AWS Certified Data Analytics - Specialty,Data Warehouse Programming Specialist; Data Engineer; Data Architect; Data Modeler; Database Developer
job-093-data-warehouse-programming-specialist,Data Warehouse Programming Specialist,Data & Database Engineering,Mid Level,Develops and maintains ETL processes for data warehousing.,ETL Processes; SQL; Data Modeling; Data Warehousing,4,Cloudera Certified Data Analyst; Microsoft Certified: Azure Data Engineer Associate,Data Warehouse Manager; Database Developer; Database Architect; Database Analyst; Data Modeler
job-094-database-administrator,Database Administrator,Data & Database Engineering,Mid Level,"Responsible for managing database systems including installation, configuration, monitoring performance, backup/recovery procedures.",SQL; Database Management; MySQL; PostgreSQL; Oracle; Database Design; Performance Tuning; Backup and Recovery,8,Oracle Database SQL Certified Associate; Microsoft Certified: Azure Database Administrator Associate; Oracle Certified Professional (OCP) Database Administrator,Oracle Developer; Database Architect; SQL Developer; Oracle SQL Developer; Data Modeler
job-095-database-analyst,Database Analyst,Data & Database Engineering,Mid Level,Analyzes data stored in databases and creates reports.,Data Analysis; SQL; Data Modeling; Reporting,4,IBM Certified Database Administrator; Oracle Database SQL Certified Associate,Database Developer; Database Architect; Data Warehouse Programming Specialist; Data Modeler; SQL Developer
job-096-database-architect,Database Architect,Data & Database Engineering,Senior,"Designs and manages database systems, ensuring data integrity and performance.",Database Design; Data Modeling; SQL; Performance Tuning,4,Oracle Database SQL Certified Associate; Microsoft Certified: Azure Database Administrator Associate,SQL Developer; Oracle SQL Developer; Oracle Developer; Database Developer; Database Analyst
job-097-database-developer,Database Developer,Data & Database Engineering,Mid Level,Develops database applications and schemas.,Database Development; SQL; PL/SQL; Data Modeling,4,Microsoft Certified: Azure Database Administrator Associate; Oracle PL/SQL Developer Certified Associate,Oracle SQL Developer; Oracle Developer; Database Architect; Database Analyst; Data Warehouse Programming Specialist
job-098-datadog-engineer,Datadog Engineer,Cloud & DevOps Engineering,Mid Level,Implements monitoring solutions using Datadog to track application performance metrics. Responsible for configuring alerts/dashboards.,Datadog; Monitoring; Alerting; Metrics; Dashboards; Cloud Computing; Linux; Troubleshooting; System Performance; Cloud Infrastructure,10,Datadog Monitoring Certification; AWS Certified DevOps Engineer – Professional; Datadog Fundamentals Certification,Grafana Engineer; Prometheus Engineer; New Relic Engineer; AppDynamics Engineer; Operations Engineer
job-099-developer,Developer,Software Development (General),Mid Level,Writes software applications based on specifications provided by stakeholders. Collaborates with other developers on coding best practices.,Programming; Algorithms; Data Structures; Debugging; Software Development; Python; Java; C++,8,CompTIA IT Fundamentals+; NET Developer Certification,Software Developer; Software Engineer; Entry Level Developer; New Grad Software Engineer; Junior Software Engineer
job-100-devops-architect,DevOps Architect,Cloud & DevOps Engineering,Senior,Designs DevOps frameworks that enhance collaboration between development/operations teams while implementing CI/CD practices.,Cloud Computing; AWS; Azure; Google Cloud; Docker; Kubernetes; Terraform; Ansible; CI/CD; Automation; Security; Networking; DevOps Practices; System Architecture,14,AWS Certified Solutions Architect – Professional; Google Cloud Professional DevOps Engineer; AWS Certified DevOps Engineer - Professional; Google Cloud DevOps Engineer,Senior DevOps Architect; Senior DevOps Engineer; Kubernetes Engineer; kubernetes Administrator; DevOps Engineer
job-101-devops-engineer,DevOps Engineer,Cloud & DevOps Engineering,Mid Level,Implements DevOps practices by automating software delivery processes using tools like Jenkins or GitLab CI.,Docker; Kubernetes; CI/CD; AWS; Azure; Linux; Terraform; Ansible; Jenkins; Git; Automation; Networking; Python; Scripting; Cloud Computing,15,AWS Certified DevOps Engineer – Professional; Docker Certified Associate; HashiCorp Certified Terraform Associate; Kubernetes Certified Administrator (CKA); AWS Certified DevOps Engineer,Senior DevOps Engineer; Ansible Operations Engineer; Kubernetes Engineer; kubernetes Administrator; Senior DevOps Architect
job-102-devops-manager,Devops Manager,Cloud & DevOps Engineering,Lead / Manager,Oversees DevOps teams responsible for automating software delivery processes while ensuring alignment with organizational goals.,DevOps; Team Management; Project Management; CI/CD; Cloud Computing; Automation; Communication; Leadership; Budgeting; DevOps Practices; Team Leadership,11,Project Management Professional (PMP); Certified ScrumMaster (CSM); SAFe DevOps Practitioner (SDP); AWS Certified DevOps Engineer - Professional,OpenShift Engineer; Docker Engineer; Senior DevOps Engineer; Senior DevOps Architect; GCP DevOps Engineer
job-103-devsecops-architect,DevSecOps Architect,Cloud & DevOps Engineering,Senior,Integrates security practices into the DevOps process by designing secure CI/CD pipelines that meet compliance standards.,DevSecOps; Cloud Security; Kubernetes; Docker; Terraform; Ansible; CI/CD; Security Automation; Vulnerability Management; DevSecOps Practices; System Architecture,11,Certified Information Systems Security Professional (CISSP); DevSecOps Foundation Certification; Certified DevSecOps Professional (CDP); AWS Certified Security - Specialty,Senior DevSecOps Architect; DevSecOps Engineer; DevOps Architect; Cloud Architect; Senior DevOps Engineer
job-104-devsecops-engineer,DevSecOps Engineer,Cloud & DevOps Engineering,Mid Level,Implements security measures within the DevOps lifecycle by utilizing tools that automate security checks throughout development.,DevSecOps; Kubernetes; Docker; Cloud Security; Penetration Testing; Continuous Security; CI/CD; AWS; Terraform; Vulnerability Scanning; Security Automation; Scripting,12,Certified DevSecOps Practitioner; AWS Certified Security – Specialty; Certified Kubernetes Security Specialist (CKS); GIAC Cloud Security Automation (GCSA),Senior DevSecOps Architect; DevSecOps Architect; Ansible Operations Engineer; AWS DevOps Engineer; DevOps Engineer
job-105-digital-program-manager,Digital Program Manager,Product & Project Management,Lead / Manager,"Manages digital programs, leading teams and ensuring successful execution.",Digital Strategy; Program Management; Team Leadership; Communication,4,Agile Certified Practitioner (PMI-ACP); Certified Scrum Product Owner (CSPO),Program Manager; Web Project Manager; Requirements Manager; Project Manager; Product Manager
job-106-digital-transformation-consultant,Digital Transformation Consultant,Cloud & DevOps Engineering,Mid Level,"Advises organizations on digital transformation initiatives, driving innovation and efficiency.",Digital Strategy; Technology Consulting; Business Process Improvement; Change Management,4,Certified Data Management Professional (CDMP); Microsoft Certified: Azure Data Engineer Associate,
job-107-director-business-systems,Director Business Systems,Executive & Technology Leadership,Executive / Director,"Manages business systems, leading teams and improving business processes.",Business Systems; Team Leadership; Project Management; Process Improvement,4,Salesforce Certified Technical Architect; Microsoft Certified: Dynamics 365 Fundamentals,Technology Manager; IT Director; Integration Director; Implementation Director; Director Oracle
job-108-director-hardware,Director Hardware,Executive & Technology Leadership,Executive / Director,"Manages hardware resources, leading teams and developing hardware strategies.",Hardware Management; Team Leadership; Budgeting; Strategic Planning,4,Cisco Certified Design Expert (CCDE); CompTIA Server+,Technology Manager; IT Director; Director Oracle; IT Program Engagement Director; Integration Director
job-109-director-of-engineering,Director of Engineering,Executive & Technology Leadership,Executive / Director,Leads engineering teams while overseeing project management efforts across multiple initiatives within the organization.,Team Management; Project Management; Software Development; Agile Methodologies; Budgeting; Communication; Leadership,7,Project Management Professional (PMP); Executive Leadership Programs; Certified Agile Leadership (CAL); PMI Agile Certified Practitioner (PMI-ACP),Chief Information Officer (CIO); Chief Information Officer; Technology Officer; Technology Manager; IT Director
job-110-director-of-security,Director of Security,Cybersecurity,Executive / Director,"Leads security teams and initiatives, providing strategic direction and ensuring compliance.",Security Leadership; Risk Management; Compliance; Incident Response,4,Certified Chief Information Security Officer (CCISO); CISSP-ISSMP (Information Systems Security Management Professional),Security Engineer; IT Security Specialist; Infosec Analyst/Cybersecurity Analyst; Cybersecurity Specialist; Cybersecurity Engineer
job-111-director-oracle,Director Oracle,Executive & Technology Leadership,Executive / Director,"Manages Oracle database teams and projects, ensuring efficient operations.",Oracle Database; Team Leadership; Project Management; Budgeting,4,Oracle Certified Master (OCM); Oracle Cloud Infrastructure Architect Professional,Technology Manager; IT Director; Integration Director; Implementation Director; Director Hardware
job-112-docker-engineer,Docker Engineer,Cloud & DevOps Engineering,Mid Level,Manages containerization solutions using Docker while ensuring efficient deployment of applications across environments.,Docker; Containerization; Kubernetes; CI/CD; Linux; Cloud Computing; Automation; Networking; Orchestration; DevOps,10,Docker Certified Associate; AWS Certified Solutions Architect; Kubernetes Certified Administrator (CKA),OpenShift Engineer; Kubernetes Engineer; kubernetes Administrator; DevOps Engineer; Nomad Engineer
job-113-e-commerce-developer,E-Commerce Developer,Frontend & Web Development,Mid Level,Develops and maintains e-commerce websites and applications.,E-Commerce Platforms; Web Development; Payment Gateways; Security,4,TOGAF Certified Enterprise Architect; PMI Agile Certified Practitioner (PMI-ACP),Webmaster; Web Engineer; Web Developer
job-114-effects-technical-director-fx-td,Effects Technical Director (FX TD),"Game, VFX & Creative Production",Executive / Director,Develops technical solutions for visual effects production.,Visual Effects; Technical Expertise; Scripting; Problem Solving,4,SideFX Houdini FX Certification; Pixar's RenderMan Certification,Visual Effects Animator; VFX Artist; Technical Animator; Motion Graphics Artist; Graphic Effects Supervisor
job-115-elk-engineer,ELK Engineer,Software Development (General),Mid Level,"Implements ELK stack (Elasticsearch, Logstash, Kibana) solutions for log management/analysis while creating visualizations/dashboards.",Elasticsearch; Logstash; Kibana; Data Visualization; Log Management; Linux; AWS; Azure; Networking; Security; ELK Stack; Data Analysis; System Monitoring,13,Elastic Certified Engineer; Elastic Stack Certification,IT Engineer; Internet Engineer; Systems Engineer; Fortify Engineer
job-116-embedded-software-engineer,Embedded Software Engineer,Backend & Software Development,Mid Level,Develops software for embedded systems by writing low-level code that interfaces directly with hardware components.,Embedded C; RTOS; Microcontrollers; Firmware Development; Hardware Design; Communication Protocols; Testing; Embedded Systems; C/C++; Hardware Interfaces,10,Certified Embedded Systems Engineer (CESE); Embedded C Programming Certification; Arm Accredited Engineer (AAE); IEEE Certified Embedded Systems Engineer,Embedded Systems Engineer; Firmware Manager
job-117-embedded-systems-engineer,Embedded Systems Engineer,Backend & Software Development,Mid Level,"Develops software for embedded systems, integrating hardware and software components.",Embedded Systems; C/C++; Firmware Development; Hardware Interfaces,4,Magento Certified Developer; Shopify Partner Academy Certification,Embedded Software Engineer; Firmware Manager
job-118-entry-level-developer,Entry Level Developer,Software Development (General),Entry Level,Assists in developing software applications under supervision while gaining experience in coding/debugging practices.,JavaScript; Java; Python; Git; SQL; HTML; CSS; Data Structures; Algorithms; Programming Basics; Software Development; Problem Solving; Learning Agility,13,CompTIA IT Fundamentals+; Coding Bootcamp Certificates; Microsoft Technology Associate (MTA): Software Development Fundamentals,New Grad Software Engineer; Junior Software Engineer; Junior Software Developer; Junior Developer; Jr Developer
job-119-entry-level-network-engineer,Entry Level Network Engineer,Networking & Systems Administration,Entry Level,Supports network infrastructure by assisting with configuration/troubleshooting tasks while gaining hands-on experience.,Networking; TCP/IP; Routing; Switching; Linux; Windows Server; Troubleshooting; Networking Basics; System Administration; Learning Agility,10,Cisco CCNA Routing and Switching; CompTIA Network+; Cisco Certified Network Associate (CCNA); Juniper Networks Certified Associate (JNCIA),Network and Systems Administrator; Computer Network Specialist; Network Engineer; Linux Administrator; IT Systems Administrator
job-120-entry-level-programmer,Entry Level Programmer,Backend & Software Development,Entry Level,Writes basic code under supervision while learning programming concepts/techniques through practical application.,Programming; Algorithms; Data Structures; Python; Java; C++; Debugging; Programming Basics; Software Development; Problem Solving; Learning Agility,11,CompTIA IT Fundamentals+; Coding Bootcamp Certificates; Google IT Automation with Python; Microsoft Certified: Azure Fundamentals,Programmer; Computer Programmer; Coder; Software Development Engineer; Python Developer
job-121-entry-level-software-developer,Entry Level Software Developer,Software Development (General),Entry Level,Assists in developing software applications while gaining experience in coding/debugging practices under supervision.,JavaScript; Java; Python; Git; SQL; HTML; CSS; Data Structures; Algorithms,9,CompTIA IT Fundamentals+; Coding Bootcamp Certificates,New Grad Software Engineer; Junior Software Engineer; Junior Software Developer; Junior Developer; Jr Developer
job-122-entry-level-software-engineer,Entry Level Software Engineer,Software Development (General),Entry Level,Participates in software development projects while gaining practical experience in coding/debugging under guidance.,JavaScript; Java; Python; Git; SQL; HTML; CSS; Data Structures; Algorithms,9,CompTIA IT Fundamentals+; Coding Bootcamp Certificates,New Grad Software Engineer; Junior Software Engineer; Junior Software Developer; Junior Developer; Jr Developer
job-123-entry-level-web-developer,Entry Level Web Developer,Frontend & Web Development,Entry Level,Assists in developing web applications while learning front-end/back-end technologies through practical experience.,HTML; CSS; JavaScript; Git; Web Development Fundamentals; UI/UX Basics; Basic Web Development; Learning Agility,8,HTML/CSS/JavaScript Certifications; Coding Bootcamp Certificates; Meta Front-End Developer Certificate; Google Mobile Web Specialist,Junior Web Developer; Junior Front End Developer; React Developer; Front-End Designer; JavaScript Developer
job-124-envoy-engineer,Envoy Engineer,Cloud & DevOps Engineering,Mid Level,Implements Envoy proxy solutions within microservices architectures while focusing on traffic management/security policies.,Envoy; Service Mesh; Networking; Kubernetes; Docker; Cloud Computing; Traffic Management; Security; Envoy Proxy; Load Balancing,10,Service Mesh Certifications; Cloud Native Computing Foundation Certifications; Kubernetes and Cloud-Native Associate (KCNA); Linux Foundation Certified Kubernetes Security Specialist (CKS),Istio Engineer; Kubernetes Engineer; kubernetes Administrator; Senior DevOps Architect; Infrastructure Architect
job-125-erp-consultant,ERP Consultant,Cloud & DevOps Engineering,Mid Level,"Consults on ERP system implementation, customization, and support.",ERP Systems; Business Process Analysis; Implementation; Training,4,Arm Certified Embedded Systems Engineer; Certified LabVIEW Developer,SAP Consultant
job-126-falco-engineer,Falco Engineer,Cloud & DevOps Engineering,Mid Level,Utilizes Falco for runtime security monitoring of containerized applications while implementing threat detection mechanisms.,Falco; Security; Kubernetes; Docker; Cloud Computing; Threat Detection; System Monitoring; Kubernetes Security; Cloud Security,9,Cloud Native Security Certifications; Kubernetes Security Specialist Certification; No direct certification; recommended: Certified Kubernetes Security Specialist (CKS); GIAC Cloud Security Automation (GCSA),Istio Engineer; OpenShift Engineer; Kubernetes Engineer; kubernetes Administrator; Envoy Engineer
job-127-firmware-manager,Firmware Manager,Backend & Software Development,Lead / Manager,"Manages firmware development teams and projects, ensuring efficient development practices.",Firmware Development; Team Leadership; Project Management; Embedded Systems,4,Certified Embedded Systems Engineer (CESE); Arm Certified Embedded Engineer,Embedded Systems Engineer; Embedded Software Engineer; Lead Programmer
job-128-fluentd-engineer,FluentD Engineer,Cloud & DevOps Engineering,Mid Level,Configures FluentD as a log collector/aggregator while managing log ingestion pipelines into storage/analytics platforms.,FluentD; Log Management; Data Collection; Data Processing; Elasticsearch; Kibana; Cloud Computing; Log Aggregation; System Monitoring,9,FluentD Certification (if available); Cloud Native Computing Foundation Certifications; No direct certification; recommended: Kubernetes and Cloud-Native Associate (KCNA),Falco Engineer; Splunk Engineer; Infrastructure Architect; Zabbix Engineer; Prometheus Engineer
job-129-forensic-animator,Forensic Animator,Cybersecurity,Mid Level,"Creates animations for legal presentations, visualizing forensic evidence.",Forensic Animation; 3D Modeling; Legal Expertise; Visual Communication,4,Certified Forensic Video Technician (LEVA); Blender Forensics Course,
job-130-fortify-engineer,Fortify Engineer,Software Development (General),Mid Level,Conducts static/dynamic application security testing using Fortify tools while identifying/remediating vulnerabilities within applications.,Fortify; Static Code Analysis; Security; Vulnerability Management; Software Development; Java; NET; Application Security; Secure Coding,9,Fortify Software Security Center Certification; Certified Ethical Hacker (CEH); Fortify Security Software Certification; Certified Secure Software Lifecycle Professional (CSSLP),Software Developer; Developer; Entry Level Developer; Software Development Manager; IT Engineer
job-131-frameworks-specialist,Frameworks Specialist,General IT & Software,Mid Level,"Specializes in specific frameworks (e.g., React/Angular) by developing applications based on best practices within those frameworks.",React; Angular; Vue.js; Spring Framework; Django; Framework Development; JavaScript; Java; Python; Software Frameworks; Programming Languages; Problem Solving; System Design,13,Framework-Specific Certifications (e.g; React; Angular); Agile Methodologies Certifications; Varies based on framework; recommended: AWS Certified Developer; Google Cloud Professional Developer,
job-132-front-end-developer,Front End Developer,Frontend & Web Development,Mid Level,"Designs and develops user-facing features for web applications using HTML, CSS, and JavaScript. Collaborates with UX/UI designers to implement responsive designs.",JavaScript; HTML; CSS; React; Angular; Vue.js; Node.js; TypeScript; Sass; UI/UX Design; Responsive Design,11,JavaScript Developer Certificate; Front-End Web Developer Nanodegree; Meta Front-End Developer Certificate; Google Mobile Web Specialist,JavaScript Developer; Front End Web Developer; React Developer; Front-End Designer; Junior Front End Developer
job-133-front-end-web-developer,Front End Web Developer,Frontend & Web Development,Mid Level,Creates and maintains the visual components of web applications. Responsible for optimizing applications for maximum speed and scalability.,JavaScript; HTML; CSS; React; Angular; Vue.js; Node.js; TypeScript; Sass; UI/UX Design,10,JavaScript Developer Certificate; Front-End Web Developer Nanodegree,JavaScript Developer; Front End Developer; React Developer; Front-End Designer; Junior Front End Developer
job-134-front-end-designer,Front-End Designer,Frontend & Web Development,Mid Level,Designs the visual elements and user interface of web applications.,HTML; CSS; JavaScript; UI/UX Design; Responsive Design,5,Google Mobile Web Specialist; Microsoft Certified: Power Platform Developer Associate,Front End Developer; React Developer; Junior Web Developer; JavaScript Developer; Front End Web Developer
job-135-full-stack-developer,Full Stack Developer,Backend & Software Development,Mid Level,Develops both front-end and back-end components of web applications. Requires proficiency in multiple programming languages and frameworks.,JavaScript; HTML; CSS; Node.js; React; Angular; Express.js; MongoDB; SQL; Python; Django; DevOps; CI/CD; Back-End Technologies; Database Management,15,Full Stack Web Development Bootcamp; JavaScript Developer Certificate; AWS Certified Developer - Associate; Meta Full Stack Developer Certificate,Full Stack Python Developer/Programmer/Engineer; Ruby on Rails Developer; Full Stack JAVA Developer/Programmer/Engineer; PHP Developer; Python Developer
job-136-full-stack-java-developer-programmer-engineer,Full Stack JAVA Developer/Programmer/Engineer,Backend & Software Development,Mid Level,Designs and develops full-stack applications using Java technologies. Responsible for both server-side logic and user interface design.,Java; Spring Framework; Hibernate; J2EE; SQL; REST APIs; JUnit; Maven; Git; Jenkins; Cloud Computing; Microservices; JavaScript; HTML; CSS; React; Spring,17,Oracle Java Programmer Certification; Spring Framework Certification; Oracle Certified Professional (OCP) - Java SE; AWS Certified Developer - Associate,Java Developer; Full Stack Python Developer/Programmer/Engineer; Ruby on Rails Developer; Full Stack Developer; PHP Developer
job-137-full-stack-python-developer-programmer-engineer,Full Stack Python Developer/Programmer/Engineer,Backend & Software Development,Mid Level,"Creates full-stack applications using Python frameworks (e.g., Django). Responsible for developing both client-side and server-side components.",Python; Django; Flask; REST APIs; SQL; Data Structures; Algorithms; Cloud Computing; Linux; Docker; Git; JavaScript; HTML; CSS; React,15,Python Institute Certifications; Django for Everybody Specialization; Python Institute PCEP & PCAP; AWS Certified Developer - Associate,Python Developer; Ruby on Rails Developer; Full Stack JAVA Developer/Programmer/Engineer; Full Stack Developer; PHP Developer
job-138-game-developer,Game Developer,"Game, VFX & Creative Production",Mid Level,"Designs and develops video games across platforms. Responsible for coding gameplay mechanics, graphics, and user interactions.",Unity; C++; Game Design; Game Engines; C#; VR Development; JavaScript; Unreal Engine; 3D Modeling,9,Unity Certified Developer; Game Design and Development Specialization; Unity Certified Programmer; Unreal Engine Certified Developer,Unity Developer; Visual Effects Animator; VFX Artist; Rigging Artist; Layout Artist
job-139-gcp-devops-engineer,GCP DevOps Engineer,Cloud & DevOps Engineering,Mid Level,"Implements DevOps practices on Google Cloud Platform. Responsible for automating deployments, managing CI/CD pipelines, and ensuring system reliability.",Google Cloud; DevOps; CI/CD; Terraform; Ansible; Docker; Kubernetes; Linux; Automation; Scripting; Google Cloud Platform; DevOps Practices; CI/CD Pipelines,13,Google Cloud Professional DevOps Engineer; Google Cloud Associate Cloud Engineer,Azure DevOps Engineer; AWS DevOps Engineer; Jenkins Engineer; Ansible Operations Engineer; DevOps Architect
job-140-geographic-information-systems-gis-analyst,Geographic Information Systems (GIS) Analyst,General IT & Software,Mid Level,Analyzes spatial data using GIS software to create maps and provide insights.,GIS Software; Spatial Analysis; Cartography; Data Visualization,4,SAP Certified Application Associate; Oracle ERP Cloud Certification,
job-141-gerrit-administrator,Gerrit Administrator,Cloud & DevOps Engineering,Mid Level,"Administers Gerrit code review tool. Responsibilities include managing user access, configuring project settings, and facilitating code reviews.",Gerrit; Git; Code Review; Linux; Automation; Scripting; Version Control,7,Gerrit Code Review Certification (if available); No direct certification; recommended: Google Cloud Professional DevOps Engineer,Gerrit Engineer; GitLab Engineer; Github Engineer; Build Engineer; Bamboo Engineer
job-142-gerrit-engineer,Gerrit Engineer,Cloud & DevOps Engineering,Mid Level,Manages Gerrit code review system to facilitate collaborative development. Responsibilities include configuring projects and managing user access.,Gerrit; Git; Code Review; Linux; Automation; Scripting; Version Control,7,Gerrit Code Review Certification (if available); GitHub Proficiency Certifications,Gerrit Administrator; GitLab Engineer; Github Engineer; Build Engineer; Bamboo Engineer
job-143-git-engineer,Git Engineer,Software Development (General),Mid Level,"Specializes in Git version control systems. Responsible for managing repositories, branching strategies, and ensuring code integrity during development.",Git; Version Control; Branching Strategies; Code Review; CI/CD; Automation; Scripting; Collaboration,8,GitHub Proficiency Certifications; GitLab Certifications; GitHub Certified Developer; GitLab Certified Associate,Bitbucket Engineer; UDeploy Engineer; Powershell Engineer; Software Engineer; New Grad Software Engineer
job-144-github-engineer,Github Engineer,Cloud & DevOps Engineering,Mid Level,"Manages GitHub repositories for version control. Responsibilities include setting up workflows, managing pull requests, and collaborating with teams.",GitHub; Git; Version Control; CI/CD; Automation; Scripting; GitHub Actions; Collaboration Tools; CI/CD Integration,9,GitHub Proficiency Certifications; GitLab Certifications; GitHub Advanced Security Certification; GitHub Actions Professional,GitLab Engineer; Bamboo Engineer; Gerrit Engineer; Gerrit Administrator; Build Engineer
job-145-gitlab-engineer,GitLab Engineer,Cloud & DevOps Engineering,Mid Level,Administers GitLab repositories for version control. Responsible for configuring CI/CD pipelines and managing project settings.,GitLab; Git; Version Control; CI/CD; Automation; Scripting; GitLab CI; CI/CD Pipelines; DevOps Practices,9,GitLab Certified Associate; GitLab CI/CD Certification; GitLab Certified DevOps Professional,Bamboo Engineer; Jenkins Engineer; Github Engineer; Gerrit Engineer; Gerrit Administrator
job-146-gradle-engineer,Gradle Engineer,Cloud & DevOps Engineering,Mid Level,Utilizes Gradle build automation tools to manage project dependencies and build processes. Responsible for optimizing build configurations.,Gradle; Build Automation; Java; Groovy; CI/CD; Version Control; Git; Software Configuration Management,8,Gradle Certification; Java Developer Certification; No direct certification; recommended: Oracle Certified Professional (OCP) - Java; AWS Certified Developer - Associate,MAVEN Engineer; TeamCity Engineer; Build Engineer; Bamboo Engineer; Senior Build Engineer
job-147-grafana-engineer,Grafana Engineer,Cloud & DevOps Engineering,Mid Level,Implements Grafana dashboards for data visualization. Responsible for monitoring metrics from various sources to provide insights into system performance.,Grafana; Data Visualization; Monitoring; Alerting; Metrics; Dashboards; Linux; Cloud Computing; System Performance,9,Grafana Certified Associate; Monitoring and Observability Certifications; Grafana Cloud Certified Specialist,Datadog Engineer; Prometheus Engineer; New Relic Engineer; Nagios Engineer; AppDynamics Engineer
job-148-graphic-effects-supervisor,Graphic Effects Supervisor,"Game, VFX & Creative Production",Mid Level,"Supervises visual effects projects, ensuring technical and artistic quality.",Visual Effects Supervision; Team Leadership; Technical Expertise; Project Management,4,SideFX Houdini FX Certification; Autodesk 3ds Max Certification,Art Director; Animation Director; Effects Technical Director (FX TD)
job-149-groovy-engineer,Groovy Engineer,Cloud & DevOps Engineering,Mid Level,Develops scripts using Groovy programming language to automate tasks within Java applications or build processes.,Groovy; Scripting; Jenkins; Automation; Java; Build Automation; Software Development,7,Groovy Certification; Java Developer Certification; No direct certification; recommended: Oracle Certified Professional (OCP) - Java; Apache Groovy Developer Certificate,Jenkins Engineer; Gradle Engineer; Build Engineer; Senior Build Engineer; Cloud System Engineer
job-150-help-desk-technician,Help Desk Technician,IT Support & Operations,Mid Level,"Provides technical support to end-users, resolving hardware and software issues.",Technical Support; Troubleshooting; Customer Service; Hardware/Software,4,Esri GIS Certification; GISP (Certified GIS Professional),IT Support Specialist; Computer Support Specialist; Technology Assistant; IT Technician; IT Apprentice
job-151-identity-and-access-management-specialist,Identity and Access Management Specialist,Cybersecurity,Mid Level,"Manages identity and access control systems, ensuring secure access to resources.",IAM Systems; Security Protocols; Authentication; Authorization,4,CompTIA A+; Microsoft 365 Certified: Modern Desktop Administrator Associate,Security Engineer; Network Security Engineer; Mobile Security Specialist; IT Security Specialist; Infosec Analyst/Cybersecurity Analyst
job-152-implementation-director,Implementation Director,Executive & Technology Leadership,Executive / Director,"Manages IT project implementations, leading teams and ensuring successful deployments.",Implementation Management; Project Management; Team Leadership; Communication,4,PMP (Project Management Professional); Certified SAFe 6 Agilist,Integration Director; Technology Manager; IT Director; Director Oracle; Director Business Systems
job-153-information-architect,Information Architect,UX/UI & Product Design,Senior,Designs information systems that provide clear navigation structures for users. Works on organizing content effectively across digital platforms.,Information Architecture; UI/UX Design; User Research; Wireframing; Prototyping; Content Strategy; User Experience Design; Taxonomy,8,Certified Information Architect (CIA); User Experience Professional Certification; TOGAF Certified Enterprise Architect; IAAP Certified Professional in Accessibility Core Competencies (CPACC),Interaction Designer; UX Designer; UX/UI Specialist; UX/UI Designer; UI (User Interface) Designer
job-154-information-management-systems-director,Information Management Systems Director,Executive & Technology Leadership,Executive / Director,"Manages information management systems, ensuring data is accessible and secure.",Information Management; Systems Administration; Data Management; Compliance,4,Certified Information Systems Auditor (CISA); Data Management Association (DAMA) Certification,
job-155-information-security-analyst,Information Security Analyst,Cybersecurity,Mid Level,Protects an organization’s computer systems by implementing security measures. Responsibilities include monitoring networks for security breaches.,Security; Network Security; Firewalls; IDS/IPS; Vulnerability Management; Penetration Testing; Security Auditing; Security Protocols; Threat Analysis; Compliance; Incident Response,11,Certified Information Systems Security Professional (CISSP); Certified Ethical Hacker (CEH); CompTIA Security+,Security Specialist; Infosec Analyst/Cybersecurity Analyst; Cybersecurity Specialist; Cybersecurity Analyst; Security Engineer
job-156-information-technology-analyst,Information Technology Analyst,Cloud & DevOps Engineering,Mid Level,"Analyzes IT systems and processes, recommending improvements and providing IT consulting services.",IT Analysis; Requirements Gathering; Process Improvement; IT Consulting,4,ITIL 4 Foundation; CompTIA IT Fundamentals,Senior IT Consultant
job-157-infosec-analyst-cybersecurity-analyst,Infosec Analyst/Cybersecurity Analyst,Cybersecurity,Mid Level,Protects computer systems and networks from cyber threats.,Security Protocols; Threat Analysis; Compliance; Incident Response,4,Certified Information Systems Security Professional (CISSP); CompTIA Security+,Cybersecurity Specialist; Cybersecurity Analyst; Security Engineer; IT Security Specialist; Cybersecurity Engineer
job-158-infrastructure-architect,Infrastructure Architect,Cloud & DevOps Engineering,Senior,"Designs and plans IT infrastructure, ensuring scalability, reliability, and security.",System Architecture; Cloud Computing; Networking; Security,4,Certified Identity and Access Manager (CIAM); Okta Certified Professional,Istio Engineer; DevOps Architect; Kubernetes Engineer; kubernetes Administrator; Envoy Engineer
job-159-integration-director,Integration Director,Executive & Technology Leadership,Executive / Director,"Manages integration projects, leading teams and ensuring successful integration.",Integration Management; Project Management; Team Leadership; Communication,4,IBM Certified Integration Architect; AWS Certified Solutions Architect - Professional,Implementation Director; Technology Manager; IT Director; Director Oracle; Director Business Systems
job-160-intelligence-specialist,Intelligence Specialist,Data Science & Analytics,Mid Level,Gathers and analyzes intelligence data to support security and decision-making.,Data Analysis; Intelligence Gathering; Reporting; Security,4,Certified Intelligence Analyst (CIA); GIAC Intelligence Analyst (GCTI),Power BI Analyst; Data Science Specialist; Computer and Information Research Scientist; Business Intelligence Analyst; Computer Research Scientist
job-161-interaction-designer,Interaction Designer,UX/UI & Product Design,Mid Level,Focuses on creating engaging interfaces that enhance user experience. Responsibilities include conducting user research and usability testing.,Interaction Design; UI/UX Design; Prototyping; User Research; Wireframing; Usability Testing,6,Interaction Design Foundation Certifications; Certified Usability Analyst (CUA); Nielsen Norman Group UX Certification; Google UX Design Professional Certificate,UX Designer; UX/UI Specialist; UX/UI Designer; UI (User Interface) Designer; Information Architect
job-162-internet-engineer,Internet Engineer,Software Development (General),Mid Level,"Designs, implements, and manages internet infrastructure.",Networking Protocols; Internet Technologies; System Administration; Security,4,Cisco Certified Internetwork Expert (CCIE); AWS Certified Advanced Networking - Specialty,IT Engineer; Fortify Engineer; ELK Engineer
job-163-internet-of-things-iot-developer,INTERNET OF THINGS (IoT) DEVELOPER,Blockchain & Emerging Tech,Mid Level,"Develops applications for IoT devices and platforms, connecting devices and analyzing data.",IoT Platforms; Embedded Systems; Sensor Technology; Programming Languages,4,AWS Certified Solutions Architect - Professional; Google Professional Cloud Architect,Robotics Engineer
job-164-ios-developer,IOS Developer,Mobile Development,Mid Level,Develops mobile applications for iOS devices using Swift or Objective-C. Responsible for implementing UI designs and ensuring app performance.,Swift; Objective-C; iOS SDK; XCode; UI/UX Design; REST APIs; SQL; Mobile Development; Mobile App Development,9,Apple Certified iOS Developer; iOS App Development Bootcamp; Meta iOS Developer Certificate,Android Developer; Junior IOS Developer; Mobile App Developer; Mobile Application Developer; Mobile Developer
job-165-istio-engineer,Istio Engineer,Cloud & DevOps Engineering,Mid Level,"Implements service mesh solutions using Istio to manage microservices communication. Focuses on traffic management, security policies, and observability.",Istio; Service Mesh; Kubernetes; Docker; Cloud Computing; Networking; Traffic Management; Security,8,Istio Certification (if available); Cloud Native Computing Foundation Certifications; No direct certification; recommended: Kubernetes Certified Administrator (CKA); Certified Kubernetes Security Specialist (CKS),Envoy Engineer; Kubernetes Engineer; kubernetes Administrator; Infrastructure Architect; Senior DevOps Architect
job-166-it-apprentice,IT Apprentice,IT Support & Operations,Entry Level,"Provides technical support to end-users, learning IT concepts and developing technical skills.",Technical Support; Troubleshooting; Learning Agility; Customer Service,4,CompTIA IT Fundamentals+; Google IT Support Certificate,IT Support Specialist; Help Desk Technician; Computer Support Specialist; Technology Assistant; IT Technician
job-167-it-auditor,IT Auditor,General IT & Software,Mid Level,Conducts IT audits to ensure compliance and identify security risks.,IT Auditing; Compliance; Risk Management; Security,4,Microsoft Certified: Azure IoT Developer Specialty; AWS Certified IoT Specialty,
job-168-it-director,IT Director,Executive & Technology Leadership,Executive / Director,"Manages IT teams and projects, ensuring efficient operations.",IT Management; Team Leadership; Budgeting; Project Management,4,ITIL 4 Managing Professional; Certified Information Security Manager (CISM),Technology Manager; Director Oracle; Integration Director; Implementation Director; Director Hardware
job-169-it-engineer,IT Engineer,Software Development (General),Mid Level,"Engineers IT systems, ensuring scalability, reliability, and security.",System Engineering; Networking; Cloud Computing; Security,4,AWS Certified Solutions Architect; Cisco Certified Network Associate (CCNA),Systems Engineer; Internet Engineer; ELK Engineer; Powershell Engineer; Fortify Engineer
job-170-it-manager,IT Manager,Cybersecurity,Lead / Manager,"Oversees IT operations within an organization. Responsibilities include managing IT staff, budgeting, and ensuring alignment with business goals.",Project Management; Team Leadership; Agile Methodologies; Budgeting; IT Infrastructure; Networking; Cloud Computing; Cybersecurity; IT Management,9,Project Management Professional (PMP); ITIL Foundation Certification; ITIL 4 Managing Professional; Certified Information Technology Manager (CITM),Security Manager; Machine Learning Engineer for Cybersecurity
job-171-it-program-engagement-director,IT Program Engagement Director,Executive & Technology Leadership,Executive / Director,"Manages IT program engagements, building customer relationships and leading teams.",IT Program Management; Customer Relationship Management; Stakeholder Management; Team Leadership,4,PMP (Project Management Professional); ITIL 4 Strategic Leader,Technology Manager; IT Director; Integration Director; Implementation Director; Director Oracle
job-172-it-sales-director,IT Sales Director,Sales & Technical Consulting,Executive / Director,"Leads IT sales teams, developing sales strategies and managing customer relationships.",Sales Leadership; Sales Strategy; Customer Relationship Management; Team Management,4,Salesforce Sales Cloud Consultant; Microsoft Certified: Dynamics 365 Sales Functional Consultant,IT Sales Executive
job-173-it-sales-executive,IT Sales Executive,Sales & Technical Consulting,Mid Level,"Sells technology solutions, developing sales strategies and building customer relationships.",Sales; Technology Solutions; Customer Relationship Management; Sales Strategy,4,HubSpot Inbound Sales Certification; AWS Business Professional Accreditation,IT Sales Director
job-174-it-security-specialist,IT Security Specialist,Cybersecurity,Mid Level,Implements and manages security measures to protect computer systems and networks.,Security Protocols; Threat Analysis; Compliance; Risk Management,4,Certified Information Security Manager (CISM); GIAC Security Leadership Certification (GSLC),Security Engineer; Infosec Analyst/Cybersecurity Analyst; Cybersecurity Specialist; Cybersecurity Engineer; Cybersecurity Analyst
job-175-it-support-specialist,IT Support Specialist,IT Support & Operations,Mid Level,"Provides technical support to end-users, resolving hardware and software issues.",Technical Support; Troubleshooting; Customer Service; Hardware/Software,4,CompTIA A+; Microsoft 365 Certified: Modern Desktop Administrator Associate,Help Desk Technician; Computer Support Specialist; Technology Assistant; IT Technician; IT Apprentice
job-176-it-systems-administrator,IT Systems Administrator,Networking & Systems Administration,Mid Level,"Manages and maintains IT systems, ensuring stability and performance.",System Administration; Linux/Windows Servers; Troubleshooting; Scripting,4,Microsoft Certified: Azure Administrator Associate; Red Hat Certified System Administrator (RHCSA),Linux Administrator; Network and Systems Administrator; Computer Network Specialist; Systems Administrator; Entry Level Network Engineer
job-177-it-technician,IT Technician,IT Support & Operations,Mid Level,"Provides technical support to end-users, resolving hardware and software issues.",Technical Support; Troubleshooting; Hardware/Software; Networking,4,CompTIA A+; Microsoft 365 Certified: Modern Desktop Administrator Associate,Technology Assistant; IT Support Specialist; Help Desk Technician; Computer Support Specialist; IT Apprentice
job-178-iteration-manager,Iteration Manager,Product & Project Management,Lead / Manager,"Facilitates agile development teams, ensuring efficient iteration and collaboration.",Agile Methodologies; Scrum; Kanban; Team Facilitation,4,SAFe 6 Agilist Certification; Certified Scrum Professional (CSP),Agile Project Manager; Product Manager
job-179-jacoco-engineer,JaCoCO Engineer,QA & Testing,Mid Level,Utilizes JaCoCO to measure code coverage in Java applications. Responsible for integrating coverage reporting into CI/CD pipelines.,JaCoCO; Code Coverage; Java; Testing; Quality Assurance; CI/CD; Java Testing; Software Quality,8,Java Developer Certification; JUnit Certification; No direct certification; recommended: ISTQB Certified Tester - Advanced Level; Java Certified Developer,JUnit Engineer; Coverage.py Engineer; PyTest Engineer; Selenium Engineer; QA Engineer
job-180-java-architect,Java Architect,Backend & Software Development,Senior,"Designs and leads the development of Java-based systems, ensuring scalability and maintainability.",Java; System Architecture; Design Patterns; Cloud Computing,4,Certified Information Systems Auditor (CISA),Software Architect; Python Architect; Java Developer; Full Stack JAVA Developer/Programmer/Engineer; Programmer
job-181-java-developer,Java Developer,Backend & Software Development,Mid Level,"Develops software applications using Java programming language. Responsibilities include writing code, debugging, and collaborating with team members on projects.",Java; Spring Framework; Hibernate; J2EE; SQL; REST APIs; JUnit; Maven; Git; Jenkins; Cloud Computing; Microservices; Spring; Software Development; Object-Oriented Programming,15,Oracle Certified Professional; Java SE Programmer; Spring Framework Certification; Oracle Certified Professional (OCP) - Java SE; AWS Certified Developer - Associate,Full Stack JAVA Developer/Programmer/Engineer; C# Developer; Python Developer; Full Stack Python Developer/Programmer/Engineer; Ruby on Rails Developer
job-182-javascript-developer,JavaScript Developer,Frontend & Web Development,Mid Level,Creates interactive web applications using JavaScript frameworks/libraries like React or Angular. Focuses on front-end development best practices.,JavaScript; HTML; CSS; React; Angular; Vue.js; Node.js; TypeScript; Sass; UI/UX Design,10,JavaScript Developer Certificate; Certified JavaScript Developer,Front End Web Developer; Front End Developer; React Developer; Front-End Designer; Junior Front End Developer
job-183-jenkins-engineer,Jenkins Engineer,Cloud & DevOps Engineering,Mid Level,Manages Jenkins CI/CD server to automate software builds/deployments. Responsibilities include configuring jobs/plugins and maintaining build pipelines.,Jenkins; CI/CD; Automation; Groovy; Scripting; Linux; Docker; Kubernetes; Build Automation; Version Control; CI/CD Pipelines; DevOps Practices,12,Certified Jenkins Engineer; AWS Certified DevOps Engineer – Professional; Certified Jenkins Engineer (CJE),GCP DevOps Engineer; Build and Release Engineer; Azure DevOps Engineer; AWS DevOps Engineer; Senior Build and Release Engineer
job-184-jira-administrator,Jira Administrator,Cloud & DevOps Engineering,Mid Level,"Manages Jira project management tool. Responsibilities include configuring workflows, managing user permissions, and supporting teams in Agile methodologies.",Jira; Atlassian Suite; Agile Methodologies; Workflow Configuration; User Management; Project Management,6,Atlassian Jira Administration Certification; AgilePM Certification; Atlassian Certified Jira Administrator,JIRA Engineer; Confluence Engineer; Senior IT Consultant; Cloud Migration Specialist; Bamboo Engineer
job-185-jira-engineer,JIRA Engineer,Cloud & DevOps Engineering,Mid Level,"Administers JIRA project management tool to support Agile teams. Responsibilities include configuring workflows, managing projects, and providing user support.",Jira; Atlassian Suite; Agile Methodologies; Workflow Configuration; User Management; Project Management,6,Atlassian Jira Administration Certification; AgilePM Certification,Jira Administrator; Confluence Engineer; Senior IT Consultant; Cloud Migration Specialist; Bamboo Engineer
job-186-jr-developer,Jr Developer,Software Development (General),Entry Level,Assists in software development tasks under supervision while gaining practical experience in coding/debugging practices.,JavaScript; Java; Python; Git; SQL; HTML; CSS; Data Structures; Algorithms,9,CompTIA IT Fundamentals+; Coding Bootcamp Certificates,New Grad Software Engineer; Junior Software Engineer; Junior Software Developer; Junior Developer; Entry Level Software Engineer
job-187-junior-developer,Junior Developer,Software Development (General),Entry Level,Supports development teams by writing code under guidance while learning best practices in software development.,JavaScript; Java; Python; Git; SQL; HTML; CSS; Data Structures; Algorithms,9,CompTIA IT Fundamentals+; Coding Bootcamp Certificates,New Grad Software Engineer; Junior Software Engineer; Junior Software Developer; Jr Developer; Entry Level Software Engineer
job-188-junior-front-end-developer,Junior Front End Developer,Frontend & Web Development,Entry Level,Assists in developing front-end components of web applications while learning HTML/CSS/JavaScript.,JavaScript; HTML; CSS; React; Vue.js; Git; UI/UX Basics; Basic Web Development; Learning Agility,9,HTML/CSS/JavaScript Certifications; Front-End Web Development Bootcamp; Google Mobile Web Specialist; Meta Front-End Developer Certificate,Entry Level Web Developer; Junior Web Developer; React Developer; JavaScript Developer; Front End Web Developer
job-189-junior-ios-developer,Junior IOS Developer,Mobile Development,Entry Level,Supports iOS application development efforts while gaining hands-on experience with Swift/Objective-C.,Swift; Objective-C; iOS SDK; XCode; UI/UX Basics; Git; Basic Mobile App Development; Learning Agility,8,Apple Certified iOS Developer; iOS App Development Bootcamp; Meta iOS Developer Certificate,IOS Developer; Mobile Application Developer; Mobile App Developer
job-190-junior-software-developer,Junior Software Developer,Software Development (General),Entry Level,Participates in software development projects while gaining practical experience through coding/debugging tasks.,JavaScript; Java; Python; Git; SQL; HTML; CSS; Data Structures; Algorithms,9,CompTIA IT Fundamentals+; Coding Bootcamp Certificates,New Grad Software Engineer; Junior Software Engineer; Junior Developer; Jr Developer; Entry Level Software Engineer
job-191-junior-software-engineer,Junior Software Engineer,Software Development (General),Entry Level,Assists in engineering tasks related to software development while learning from experienced team members.,JavaScript; Java; Python; Git; SQL; HTML; CSS; Data Structures; Algorithms,9,CompTIA IT Fundamentals+; Coding Bootcamp Certificates,New Grad Software Engineer; Junior Software Developer; Junior Developer; Jr Developer; Entry Level Software Engineer
job-192-junior-web-developer,Junior Web Developer,Frontend & Web Development,Entry Level,Supports web development efforts by writing basic code under supervision while learning front-end/back-end technologies.,HTML; CSS; JavaScript; Git; Web Development Fundamentals; UI/UX Basics,6,HTML/CSS/JavaScript Certifications; Front-End Web Development Bootcamp,Entry Level Web Developer; Junior Front End Developer; React Developer; Front-End Designer; JavaScript Developer
job-193-junit-engineer,JUnit Engineer,QA & Testing,Mid Level,Utilizes JUnit framework to write unit tests for Java applications. Responsibilities include ensuring code quality through automated testing.,JUnit; Java; Testing; Unit Testing; Test Automation; CI/CD; Java Testing; Software Quality,8,JUnit Certification; Java Developer Certification; No direct certification; recommended: Oracle Certified Professional (OCP) - Java; ISTQB Certified Tester,JaCoCO Engineer; PyTest Engineer; Selenium Engineer; Coverage.py Engineer; QA Engineer
job-194-knowledge-manager,Knowledge Manager,Executive & Technology Leadership,Lead / Manager,"Manages knowledge assets, ensuring information is accessible and organized.",Knowledge Management; Information Architecture; Collaboration; Documentation,4,Knowledge-Centered Service (KCS) Certification; Certified Knowledge Manager (CKM),
job-195-kubernetes-administrator,kubernetes Administrator,Cloud & DevOps Engineering,Mid Level,"Manages and maintains Kubernetes clusters, ensuring high availability, scalability, and security of containerized applications. Works closely with DevOps, development, and IT teams to deploy, troubleshoot, and optimize Kubernetes-based infrastructure.",Kubernetes; Docker; Linux; Cloud Computing; AWS; Azure; Networking; CI/CD; Automation; Security,10,Certified Kubernetes Administrator (CKA)/Certified Kubernetes Security Specialist (CKS)/AWS Certified Kubernetes Specialist /Red Hat Certified Specialist in OpenShift,Kubernetes Engineer; Senior DevOps Architect; DevOps Architect; DevOps Engineer; OpenShift Engineer
job-196-kubernetes-engineer,Kubernetes Engineer,Cloud & DevOps Engineering,Mid Level,Designs and implements Kubernetes solutions for container orchestration while ensuring high availability of services.,Kubernetes; Docker; Linux; Cloud Computing; AWS; Azure; Networking; CI/CD; Automation; Security,10,Certified Kubernetes Administrator (CKA); Docker Certified Associate,kubernetes Administrator; Senior DevOps Architect; DevOps Architect; DevOps Engineer; OpenShift Engineer
job-197-kubernetes-operations-engineer,Kubernetes Operations Engineer,Site Reliability & Platform Engineering,Mid Level,"Manages Kubernetes clusters for container orchestration. Responsibilities include deploying applications, monitoring cluster health, and troubleshooting issues.",Kubernetes; Docker; Linux; Cloud Computing; AWS; Azure; Networking; CI/CD; Automation; Security; Container Orchestration; DevOps Practices,12,Certified Kubernetes Administrator (CKA); CNCF Kubernetes Security Specialist (CKS); Kubernetes Certified Administrator (CKA); Certified Kubernetes Security Specialist (CKS),Site Reliability Engineer (Kubernetes – Docker); Senior SRE Engineer; Senior SRE Architect; SRE Architect; SRE Engineer
job-198-layout-artist,Layout Artist,"Game, VFX & Creative Production",Mid Level,"Creates layouts for animated scenes, determining camera angles and composition.",Layout; Cinematography; 3D Modeling; Visual Storytelling,4,Autodesk Maya Certified User; Concept Art Academy Certification,Visual Effects Animator; VFX Artist; Rigging Artist; Unity Developer; Game Developer
job-199-lead-programmer,Lead Programmer,Backend & Software Development,Lead / Manager,"Leads programming teams, providing technical guidance and mentoring team members.",Programming Languages; Software Development; Team Leadership; Mentoring,4,Microsoft Certified: Azure Developer Associate; Google Professional Cloud Developer,Software Development Engineer; Coder; Computer Programmer; Software Architect; Firmware Manager
job-200-linux-administrator,Linux Administrator,Networking & Systems Administration,Mid Level,"Manages and maintains Linux servers, ensuring system stability and security.",Linux Servers; System Administration; Scripting; Troubleshooting,4,Oracle Certified Master (OCM) - Java EE Enterprise Architect,IT Systems Administrator; Network and Systems Administrator; Computer Network Specialist; Systems Administrator; Entry Level Network Engineer
job-201-machine-learning-architect,Machine learning Architect,AI & Machine Learning,Senior,"Designs machine learning systems architecture. Responsible for selecting appropriate frameworks, designing workflows, and ensuring scalability of ML models.",Machine Learning; Deep Learning; Cloud Computing; Data Science; System Design; AWS; Azure; Scalability; Security; Model Deployment; Machine Learning Algorithms; System Architecture; Data Modeling,13,Google Cloud Professional Machine Learning Engineer; AWS Certified Machine Learning – Specialty; AWS Certified Machine Learning - Specialty; Google Professional Data Engineer,Artificial intelligence Architect; Principle Engineer in Machine Learning; Principle Engineer in Artificial Intelligence; Machine Learning Engineer; Artificial Intelligence / Machine Learning Leader
job-202-machine-learning-engineer,Machine Learning Engineer,AI & Machine Learning,Mid Level,Builds machine learning models by implementing algorithms/data processing techniques while focusing on model evaluation/deployment.,Python; Machine Learning; TensorFlow; Keras; PyTorch; Data Analysis; Deep Learning; Natural Language Processing; Computer Vision; Data Science; Algorithms; Machine Learning Algorithms; Model Deployment,13,Microsoft Certified: Azure Data Scientist Associate; TensorFlow Developer Certificate; Microsoft Certified: Azure AI Engineer Associate,Principle Engineer in Machine Learning; Artificial Intelligence Researcher; Principle Engineer in Artificial Intelligence; Machine learning Architect; Artificial intelligence Architect
job-203-machine-learning-engineer-for-cybersecurity,Machine Learning Engineer for Cybersecurity,Cybersecurity,Mid Level,"Develops machine learning models for cybersecurity applications, such as threat detection and fraud prevention.",Machine Learning Algorithms; Cybersecurity; Data Analysis; Threat Detection,4,AWS Certified Machine Learning - Specialty; Certified AI Security Specialist (CAISS),Splunk Enterprise Security Engineer; IT Manager
job-204-mainframe-developer,Mainframe Developer,Backend & Software Development,Mid Level,Develops and maintains applications on mainframe systems.,Mainframe Systems; COBOL; JCL; VSAM,4,Red Hat Certified System Administrator (RHCSA); Linux Professional Institute Certification (LPIC-1),
job-205-manager-hardware,Manager Hardware,General IT & Software,Lead / Manager,"Manages hardware resources, leading teams and overseeing hardware operations.",Hardware Management; Team Leadership; Budgeting; Inventory Management,4,CompTIA Server+; Cisco Certified Network Professional (CCNP),Computer and Information Research Manager; Sharepoint Manager; Manager Unix; Manager Php; Manager .NET
job-206-manager-linux,Manager Linux,Networking & Systems Administration,Lead / Manager,"Manages Linux systems and teams, ensuring efficient operations and troubleshooting issues.",Linux Administration; Team Leadership; Project Management; Troubleshooting,4,Red Hat Certified Engineer (RHCE); Linux Professional Institute Certification (LPIC-2),Systems Administrator; Network Analyst; Linux Administrator; IT Systems Administrator; Computer Network Specialist
job-207-manager-net,Manager .NET,General IT & Software,Lead / Manager,"Manages .NET development teams and projects, ensuring efficient development practices.",NET Development; Team Leadership; Project Management; NET Framework,4,Microsoft Certified: Azure Developer Associate; Microsoft Certified: Azure Solutions Architect Expert,Sharepoint Manager; Manager Unix; Manager Php; Computer and Information Research Manager; Technical Lead
job-208-manager-php,Manager Php,General IT & Software,Lead / Manager,"Manages PHP development teams and projects, ensuring efficient development practices.",PHP Development; Team Leadership; Project Management; Web Development,4,Zend Certified PHP Engineer; Laravel Certification,Sharepoint Manager; Manager Unix; Manager .NET; Computer and Information Research Manager; Technical Lead
job-209-manager-unix,Manager Unix,General IT & Software,Lead / Manager,"Manages UNIX systems and teams, ensuring efficient operations and troubleshooting issues.",UNIX Administration; Team Leadership; Project Management; Troubleshooting,4,Red Hat Certified Engineer (RHCE); Linux Professional Institute Certification (LPIC-2),Sharepoint Manager; Manager Php; Manager .NET; Computer and Information Research Manager; Technical Lead
job-210-maven-engineer,MAVEN Engineer,Cloud & DevOps Engineering,Mid Level,Manages build processes using Maven for Java applications. Responsibilities include configuring pom.xml files and optimizing build performance.,Maven; Java; Build Automation; Dependency Management; CI/CD; Version Control; Git; Software Configuration Management,8,Maven Certification; Java Developer Certification; No direct certification; recommended: Apache Maven Fundamentals; Oracle Certified Professional - Java,Gradle Engineer; TeamCity Engineer; Build Engineer; Bamboo Engineer; Senior Build Engineer
job-211-micro-services-api-lead-designer,Micro services / API Lead Designer,Cloud & DevOps Engineering,Lead / Manager,"Responsible for architecting, designing, and leading the development of scalable, secure, and efficient microservices-based applications. Collaborate closely with engineering, DevOps, and product teams to define API strategies, ensure seamless integration, and optimize system performance.",Microservices; API Design; REST APIs; SOA; Cloud Computing; Java; Python; Security,8,AWS Certified Solutions Architect/Google Professional Cloud Architect; Microsoft Certified-Azure Solutions Architect Expert/API Design & Management certifications,Infrastructure Architect; SonarQube Engineer; New Relic Engineer; Istio Engineer; AppDynamics Engineer
job-212-microsoft-dynamics-developer,Microsoft Dynamics Developer,Backend & Software Development,Mid Level,Develops and customizes Microsoft Dynamics CRM solutions.,Microsoft Dynamics; CRM; NET; Development,4,IBM Certified System Administrator - z/OS; IBM Mainframe Application Developer Certification,Sharepoint Developer; .NET Developer; C# Developer
job-213-mobile-app-developer,Mobile App Developer,Mobile Development,Mid Level,Develops mobile applications for platforms like Android and iOS. Responsibilities include designing user interfaces and integrating backend services.,Android SDK; Java; Kotlin; iOS; Swift; Objective-C; React Native; Flutter; Mobile Development; UI/UX Design; Mobile App Development; iOS/Android SDKs; Programming Languages,13,Google Associate Android Developer; Apple Certified iOS Developer,Mobile Application Developer; Android Developer; Mobile Developer; IOS Developer; Junior IOS Developer
job-214-mobile-application-developer,Mobile Application Developer,Mobile Development,Mid Level,Creates mobile applications using frameworks like React Native or Flutter. Focuses on delivering high-quality user experiences across devices.,Android SDK; Java; Kotlin; iOS; Swift; Objective-C; React Native; Flutter; Mobile Development; UI/UX Design,10,Google Associate Android Developer; Apple Certified iOS Developer,Mobile App Developer; Android Developer; IOS Developer; Junior IOS Developer; Mobile Developer
job-215-mobile-developer,Mobile Developer,Mobile Development,Mid Level,Develops mobile applications for iOS and Android platforms.,Mobile App Development; iOS/Android SDKs; UI/UX Design; Programming Languages,4,Google Associate Android Developer; Apple Certified iOS Developer,Mobile App Developer; IOS Developer; Android Developer; Mobile Application Developer
job-216-mobile-security-specialist,Mobile Security Specialist,Cybersecurity,Mid Level,"Ensures the security of mobile devices and applications, conducting assessments and implementing security measures.",Mobile Security; Penetration Testing; Security Protocols; Risk Management,4,Microsoft Certified: Dynamics 365 Developer Associate,Security Engineer; IT Security Specialist; Cybersecurity Engineer; Security Specialist; Information Security Analyst
job-217-motion-graphics-artist,Motion Graphics Artist,"Game, VFX & Creative Production",Mid Level,Creates motion graphics and visual effects for various media.,Motion Graphics; Animation Software; Visual Effects; Graphic Design,4,Adobe Certified Professional (ACP) in Motion Graphics; Cinema 4D Certification,Computer Graphics Animator; Animator; Visual Effects Animator; VFX Artist; Technical Animator
job-218-mulesoft-developer,Mulesoft Developer,Backend & Software Development,Mid Level,Designs and develops integration solutions using MuleSoft Anypoint Platform. Responsible for creating APIs and managing data flows between systems.,MuleSoft; Anypoint Platform; API Development; Integration; Java; REST APIs; SOA; MuleSoft Anypoint Platform; API Integration; Integration Patterns,10,MuleSoft Certified Developer; MuleSoft Certified Architect; MuleSoft Certified Developer - Level 1,Java Developer; Full Stack JAVA Developer/Programmer/Engineer; Java Architect; Back End Developer; Sharepoint Developer
job-219-multimedia-architect,Multimedia Architect,General IT & Software,Senior,Designs and produces multimedia content for various platforms.,Multimedia Design; Video Production; Audio Production; Graphic Design,4,Adobe Certified Expert (ACE); Unity Certified 3D Artist,
job-220-nagios-engineer,Nagios Engineer,Cloud & DevOps Engineering,Mid Level,Implements Nagios monitoring solutions to track system performance and availability. Responsible for configuring alerts and managing monitoring plugins.,Nagios; Monitoring; Linux; Scripting; Alerting; System Administration; Networking; System Monitoring,8,Nagios Core Administration Certification; Linux Administration Certifications; Nagios Certified Administrator,Operations Engineer; OpenStack Engineer; Splunk Engineer; Cloud administrator; Grafana Engineer
job-221-natural-language-processing-engineer,Natural Language Processing Engineer,AI & Machine Learning,Mid Level,"Develops NLP models for various applications, such as chatbots and text analysis tools.",NLP Algorithms; Python; Machine Learning; Text Analysis,4,Certified Mobile Device Security Professional (CMDSP); GIAC Mobile Device Security Analyst (GMOB),Principle Engineer in Machine Learning; Artificial Intelligence Researcher; Artificial Intelligence Engineer; AI Researcher; Principle Engineer in Artificial Intelligence
job-222-network-analyst,Network Analyst,Networking & Systems Administration,Mid Level,"Monitors network performance, troubleshoots issues, and provides performance reports.",Network Monitoring; Troubleshooting; Performance Analysis; Reporting,4,Cisco Certified Network Associate (CCNA); CompTIA Network+,Manager Linux; Linux Administrator; IT Systems Administrator; Computer Network Specialist; Systems Administrator
job-223-network-and-systems-administrator,Network and Systems Administrator,Networking & Systems Administration,Mid Level,"Manages network infrastructure and systems to ensure operational efficiency. Responsibilities include troubleshooting, maintenance, and user support.",Networking; Linux; Windows Server; Troubleshooting; Scripting; Automation; System Administration; Linux/Windows Servers,8,CompTIA Network+; Cisco CCNA; Cisco Certified Network Associate (CCNA),IT Systems Administrator; Entry Level Network Engineer; Linux Administrator; Computer Network Specialist; Systems Administrator
job-224-network-architect,Network Architect,Networking & Systems Administration,Senior,Designs and plans computer networks.,Network Design; Network Protocols; Security; System Architecture,4,TensorFlow Developer Certificate; DeepLearning.AI NLP Specialization,Computer Network Architect; Network Infrastructure Specialist; Computer Network Specialist; Network Engineer
job-225-network-engineer,Network Engineer,Networking & Systems Administration,Mid Level,"Designs, implements, and manages network solutions to ensure reliable connectivity. Responsibilities include configuring routers/switches and monitoring network performance.",TCP/IP; LAN/WAN; Routing; Switching; Firewalls; VPN; Cisco; Security; Networking Protocols; Cisco/Juniper Devices; Network Security; Troubleshooting,12,Cisco CCNA; CompTIA Network+; Cisco Certified Network Professional (CCNP); Juniper Networks Certified Associate (JNCIA),Computer Network Architect; Entry Level Network Engineer; Computer Network Specialist; Network Architect; Network Analyst
job-226-network-infrastructure-specialist,Network Infrastructure Specialist,Networking & Systems Administration,Mid Level,"Installs, configures, and maintains network infrastructure, including cabling and hardware.",Networking Hardware; Cabling; Network Design; Implementation,4,Cisco Certified Design Associate (CCDA); Palo Alto Networks Certified Network Security Administrator,Network Architect; Computer Network Architect
job-227-network-operations-engineer,Network Operations Engineer,Cloud & DevOps Engineering,Mid Level,"Manages day-to-day network operations, resolving issues and ensuring network availability.",Network Operations; Troubleshooting; Monitoring; Incident Response,4,Cisco Certified Network Professional (CCNP); Juniper Networks Certified Associate (JNCIA),Operations Engineer; Datadog Engineer; Prometheus Engineer; New Relic Engineer; Nagios Engineer
job-228-network-reliability-engineer,Network Reliability Engineer,Networking & Systems Administration,Mid Level,"Ensures the reliability and performance of network infrastructure, implementing automation and monitoring solutions.",Network Reliability; Automation; Monitoring; Incident Response,4,Cisco Certified Internetwork Expert (CCIE); AWS Certified Advanced Networking - Specialty,Network and Systems Administrator
job-229-network-security-engineer,Network Security Engineer,Cybersecurity,Mid Level,"Implements and manages network security measures, protecting networks from threats.",Networking Protocols; Security Protocols; Firewall Management; Intrusion Detection,4,Cisco Certified CyberOps Associate; Palo Alto Networks Certified Network Security Engineer,Security Engineer; Mobile Security Specialist; IT Security Specialist; Infosec Analyst/Cybersecurity Analyst; Identity and Access Management Specialist
job-230-new-grad-software-engineer,New Grad Software Engineer,Software Development (General),Entry Level,Entry-level position focused on software development tasks while gaining practical experience in coding/debugging under supervision.,JavaScript; Java; Python; Git; SQL; HTML; CSS; Data Structures; Algorithms,9,CompTIA IT Fundamentals+; Coding Bootcamp Certificates,Junior Software Engineer; Junior Software Developer; Junior Developer; Jr Developer; Entry Level Software Engineer
job-231-new-relic-engineer,New Relic Engineer,Cloud & DevOps Engineering,Mid Level,"Utilizes New Relic for application performance monitoring. Responsibilities include configuring dashboards, analyzing metrics, and optimizing application performance.",New Relic; Application Performance Monitoring; Troubleshooting; Java; NET; Cloud Computing; Metrics; Alerting,8,New Relic Monitoring and Observability Certifications; AWS Certified DevOps Engineer – Professional; New Relic Performance Monitoring Certification,AppDynamics Engineer; Datadog Engineer; Prometheus Engineer; Grafana Engineer; SonarQube Engineer
job-232-nexus-engineer,Nexus Engineer,Cloud & DevOps Engineering,Mid Level,Manages Nexus repository for artifact management in CI/CD pipelines. Responsible for configuring repositories and ensuring efficient artifact storage.,Nexus; Artifact Repository; Maven; Gradle; Docker; CI/CD; Build Automation; Nexus Repository Manager; Artifact Management; DevOps Practices,10,Nexus Repository Manager Certification; DevOps Institute Certifications; No direct certification; recommended: Sonatype Nexus Administration Training,Artifactory Engineer; Artifactory Administrator; Jenkins Engineer; Build Engineer; MAVEN Engineer
job-233-nomad-engineer,Nomad Engineer,Cloud & DevOps Engineering,Mid Level,Implements Nomad for workload orchestration across distributed systems. Responsibilities include managing job definitions and ensuring service availability.,Nomad; Container Orchestration; Docker; Linux; Cloud Computing; Automation; Networking; HashiCorp Tools; Infrastructure Automation,9,HashiCorp Certified: Nomad Associate; Cloud Native Computing Foundation Certifications,Kubernetes Engineer; kubernetes Administrator; Docker Engineer; Consul Engineer; OpenStack Engineer
job-234-notary-engineer,Notary Engineer,Cloud & DevOps Engineering,Mid Level,Utilizes Notary for secure signing of container images. Responsible for implementing trust management within containerized environments.,Notary; Security; Docker; Container Security; Cryptography; Trust Management,6,Notary Security Certifications; Docker Security Certifications; No direct certification; recommended: Certified Kubernetes Security Specialist (CKS),Istio Engineer; Senior Cloud Architect; Falco Engineer; OpenShift Engineer; Kubernetes Engineer
job-235-octopus-deploy-engineer,Octopus Deploy Engineer,Cloud & DevOps Engineering,Mid Level,Manages deployment processes using Octopus Deploy. Responsibilities include configuring deployment projects and automating release workflows.,Octopus Deploy; Deployment Automation; CI/CD; NET; PowerShell; Scripting; Cloud Computing,7,Octopus Deploy Certification; CI/CD Certifications; No direct certification; recommended: Certified Jenkins Engineer (CJE); CI/CD Pipelines Specialist,XL Deploy Engineer; Cloud automation engineer; SonarQube Engineer; DevOps Engineer; OpenStack Engineer
job-236-openshift-engineer,OpenShift Engineer,Cloud & DevOps Engineering,Mid Level,"Administers OpenShift container platform for deploying applications. Responsibilities include managing clusters, scaling applications, and ensuring uptime.",OpenShift; Kubernetes; Docker; Linux; Cloud Computing; CI/CD; Automation; Security; Containerization; DevOps Practices,10,Red Hat OpenShift Administration Certification; Kubernetes Administrator Certification; Red Hat Certified Specialist in OpenShift Administration,Kubernetes Engineer; kubernetes Administrator; Docker Engineer; DevOps Architect; Jenkins Engineer
job-237-openstack-engineer,OpenStack Engineer,Cloud & DevOps Engineering,Mid Level,Implements OpenStack solutions for cloud infrastructure management. Responsible for deploying services and managing virtualized resources.,OpenStack; Cloud Computing; Virtualization; Networking; Linux; Automation; Scripting; System Administration,8,OpenStack Administrator Certification; Cloud Infrastructure Certifications; Certified OpenStack Administrator (COA),Cloud administrator; Operations Engineer; Cloud engineer; Senior Ansible Development Engineer; Ansible Automation Engineer
job-238-operations-engineer,Operations Engineer,Cloud & DevOps Engineering,Mid Level,"Oversees IT operations to ensure system reliability. Responsibilities include monitoring system performance, troubleshooting issues, and implementing improvements.",Linux; Windows Server; Networking; Troubleshooting; Scripting; Automation; Cloud Computing; Monitoring; System Administration; Linux/Windows Servers,10,ITIL Foundation Certification; CompTIA IT Fundamentals+; ITIL 4 Foundation; AWS Certified SysOps Administrator,OpenStack Engineer; Nagios Engineer; Cloud administrator; Cloud engineer; Senior Ansible Development Engineer
job-239-oracle-developer,Oracle Developer,Data & Database Engineering,Mid Level,"Develops applications using Oracle technologies including PL/SQL. Responsibilities include database design, coding, testing, and optimization.",Oracle; SQL; PL/SQL; Database Design; Performance Tuning; ETL; Oracle Database; Database Development,8,Oracle Certified Professional; Java SE Programmer; Oracle Database SQL Certified Associate; Oracle Certified Professional (OCP) - Java SE,Oracle SQL Developer; Database Developer; Database Architect; Database Administrator; SQL Developer
job-240-oracle-sql-developer,Oracle SQL Developer,Data & Database Engineering,Mid Level,"Utilizes Oracle SQL Developer to manage database development tasks including writing queries, creating reports, and optimizing database performance.",Oracle SQL Developer; SQL; PL/SQL; Database Development; Performance Tuning; ETL; Oracle SQL; Data Modeling; Database Design,9,Oracle SQL Certified Associate; Oracle Database SQL Expert; Oracle Database SQL Certified Associate,Oracle Developer; Database Developer; Database Architect; SQL Developer; Data Architect
job-241-packer-engineer,Packer Engineer,Cloud & DevOps Engineering,Mid Level,Uses Packer to automate the creation of machine images across platforms. Responsible for maintaining image templates and ensuring consistency in deployments.,Packer; Infrastructure as Code; Cloud Computing; Automation; AWS; Azure; Google Cloud,7,HashiCorp Certified: Packer Associate; Infrastructure as Code Certifications,Puppet Operations Engineer; Puppet Engineer; Cloud engineer; Chef Operations Engineer; Senior Ansible Development Engineer
job-242-penetration-tester,Penetration Tester,Cybersecurity,Mid Level,Conducts penetration tests to identify security vulnerabilities in systems and applications.,Penetration Testing; Security Audits; Ethical Hacking; Vulnerability Assessment,4,Cisco Certified Internetwork Expert (CCIE); AWS Certified Advanced Networking - Specialty,Mobile Security Specialist; Security Specialist; Information Security Analyst; Application Security Engineer
job-243-php-developer,PHP Developer,Backend & Software Development,Mid Level,"Develops web applications using PHP programming language. Responsibilities include coding, debugging, and collaborating with front-end developers on integrations.",PHP; MySQL; Laravel; JavaScript; CSS; HTML; RESTful APIs; Symfony; Git; Web Development; Frameworks (Laravel; Symfony),12,Zend Certified PHP Engineer; PHP Framework Certifications; AWS Certified Developer - Associate,Ruby on Rails Developer; WordPress Developer; Full Stack Python Developer/Programmer/Engineer; Full Stack JAVA Developer/Programmer/Engineer; Full Stack Developer
job-244-platform-engineer,Platform Engineer,Site Reliability & Platform Engineering,Mid Level,"Develops and maintains platform infrastructure, enabling efficient software development and deployment.",Platform Engineering; Cloud Computing; Automation; DevOps Practices,4,Terraform Associate Certification; Kubernetes Certified Application Developer (CKAD),Kubernetes Operations Engineer; Site Reliability Engineer (Kubernetes – Docker); SITE RELIABILITY ENGINEER (KUBERNETES Â€ï¿½ DOCKER); SRE Architect; SRE Engineer
job-245-portfolio-manager,Portfolio Manager,Product & Project Management,Lead / Manager,"Manages investment portfolios, assessing risk and making investment decisions.",Portfolio Management; Investment Management; Risk Management; Financial Analysis,4,PMI Portfolio Management Professional (PfMP); MoP (Management of Portfolios) Certification,
job-246-power-bi-analyst,Power BI Analyst,Data Science & Analytics,Mid Level,Analyzes data using Power BI to provide insights and support business decision-making.,Power BI; Data Analysis; SQL; Business Intelligence,4,Microsoft Certified: Data Analyst Associate,Business Intelligence Analyst; Data Analyst; Principle Engineer in Data Analysis; Power BI Developer; Intelligence Specialist
job-247-power-bi-developer,Power BI Developer,Data Science & Analytics,Mid Level,Develops interactive dashboards and reports using Power BI.,Power BI; Data Modeling; DAX; Data Visualization,4,Microsoft Certified: Power BI Data Analyst Associate,Data Analysts; Data Analyst; Principle Engineer in Data Analysis; Power BI Analyst; Data Science Specialist
job-248-powershell-engineer,Powershell Engineer,Software Development (General),Mid Level,Utilizes PowerShell scripting to automate administrative tasks in Windows environments. Responsible for writing scripts to manage system configurations.,PowerShell; Scripting; Automation; Windows Server; Cloud Computing; Active Directory; Windows Server Administration,7,Microsoft Certified: Azure Administrator Associate; Windows PowerShell Training; Microsoft Certified: Power Platform Developer Associate,Systems Engineer; Git Engineer; IT Engineer; UDeploy Engineer; Software Engineer
job-249-principle-engineer-in-artificial-intelligence,Principle Engineer in Artificial Intelligence,AI & Machine Learning,Mid Level,"Leads AI initiatives within an organization. Responsibilities include strategic planning, mentoring teams, and driving innovation in AI technologies.",AI Strategy; Machine Learning; Deep Learning; Data Science; Python; TensorFlow; Cloud Computing; System Design; Mentoring; Innovation; AI/ML Architecture; Leadership; Strategic Planning,13,AI-900: Microsoft Azure AI Fundamentals; Certified Artificial Intelligence Practitioner (CAIP); TensorFlow Developer Certificate; AWS Certified Machine Learning - Specialty; Google Professional Data Engineer,Principle Engineer in Machine Learning; Artificial Intelligence / Machine Learning Sr.Leader; Artificial Intelligence / Machine Learning Leader; Machine Learning Engineer; Machine learning Architect
job-250-principle-engineer-in-big-data,Principle Engineer in Big Data,Big Data Engineering,Mid Level,Senior role responsible for big data strategy implementation. Oversees architecture design decisions and ensures compliance with best practices.,Big Data Architecture; Hadoop; Spark; Kafka; Data Warehousing; Cloud Computing; Data Governance; Mentoring; Innovation,9,Cloudera Certified Professional (CCP); Google Cloud Professional Data Engineer; Google Professional Data Engineer; AWS Certified Big Data - Specialty,Big Data Architect; Admin Big Data; Big Data Engineer; Big Data Specialist
job-251-principle-engineer-in-data-analysis,Principle Engineer in Data Analysis,Data Science & Analytics,Mid Level,Leads data analysis projects to derive insights from complex datasets. Requires strong analytical skills and experience with statistical methods.,Data Analysis; Statistics; SQL; Python; Data Visualization; Data Modeling; Mentoring; Innovation; Statistical Modeling; Leadership,10,Certified Analytics Professional (CAP); Microsoft Certified: Data Analyst Associate; Microsoft Certified: Azure Data Scientist Associate; Google Data Analytics Professional Certificate,Data Analyst; Data Analysts; Data Science Specialist; Business Intelligence Analyst; Data Scientist
job-252-principle-engineer-in-machine-learning,Principle Engineer in Machine Learning,AI & Machine Learning,Mid Level,Senior role overseeing machine learning projects. Responsible for guiding teams on best practices in model development and deployment.,Machine Learning; Deep Learning; Python; TensorFlow; Cloud Computing; Model Deployment; Mentoring; Innovation; Machine Learning Algorithms; Model Development; Deployment; Leadership,12,Google Cloud Professional Machine Learning Engineer; AWS Certified Machine Learning – Specialty; TensorFlow Developer Certificate; Microsoft Certified: Azure AI Engineer Associate,Principle Engineer in Artificial Intelligence; Machine Learning Engineer; Artificial Intelligence / Machine Learning Sr.Leader; Machine learning Architect; Artificial Intelligence Researcher
job-253-product-manager,Product Manager,Product & Project Management,Lead / Manager,"Oversees product development from conception to launch. Responsibilities include defining product vision, gathering requirements, and coordinating cross-functional teams.",Product Management; Agile Methodologies; User Research; Roadmap Planning; Stakeholder Management; Communication; Product Strategy; Market Analysis; Requirements Gathering; Product Roadmap,10,Certified Scrum Product Owner (CSPO); Product Management Professional (PMP); PMI Agile Certified Practitioner (PMI-ACP),Technical Product Manager; Agile Project Manager; Requirements Manager; Web Project Manager; Project Manager
job-254-production-support-engineer,Production Support Engineer,IT Support & Operations,Mid Level,"Provides support for production systems to ensure uptime. Responsibilities include monitoring applications, troubleshooting issues, and performing root cause analysis.",Troubleshooting; Linux; Windows Server; Scripting; Networking; Databases; Monitoring; Automation; ITIL; Incident Management; System Monitoring; Technical Support,12,ITIL Foundation Certification; CompTIA A+; ITIL 4 Foundation; AWS Certified SysOps Administrator,IT Technician; Technology Assistant; IT Support Specialist; IT Apprentice; Help Desk Technician
job-255-program-manager,Program Manager,Product & Project Management,Lead / Manager,"Manages programs, ensuring they are completed on time and within budget.",Program Management; Planning; Execution; Communication,4,PMI Program Management Professional (PgMP); SAFe Program Consultant (SPC),Project Manager; Digital Program Manager; Web Project Manager; Requirements Manager; Product Manager
job-256-programmer,Programmer,Backend & Software Development,Mid Level,Writes code to develop software applications based on specifications provided by stakeholders. Collaborates with other developers on coding best practices.,Programming; Algorithms; Data Structures; Debugging; Software Development; Python; Java; C++,8,CompTIA IT Fundamentals+; Microsoft Certified: Azure Fundamentals; Oracle Certified Associate (OCA) in Java/Python; AWS Certified Developer - Associate,Computer Programmer; Entry Level Programmer; Coder; Python Developer; Full Stack Python Developer/Programmer/Engineer
job-257-programmer-analyst,Programmer Analyst,Backend & Software Development,Mid Level,"Analyzes business requirements to develop software solutions. Responsibilities include coding, testing, debugging, and providing technical support.",Programming; Data Analysis; Requirements Gathering; SQL; Data Modeling; Process Improvement,6,CompTIA IT Fundamentals+; Microsoft Certified: Azure Fundamentals; Oracle Certified Associate (OCA) in Java/Python; AWS Certified Developer - Associate,Python Developer; Ruby on Rails Developer; Programmer; Coder; Computer Programmer
job-258-project-manager,Project Manager,Product & Project Management,Lead / Manager,"Manages projects, ensuring they are completed on time and within budget.",Project Management; Planning; Execution; Communication,4,PMP (Project Management Professional); Certified ScrumMaster (CSM),Program Manager; Web Project Manager; Agile Project Manager; Requirements Manager; Digital Program Manager
job-259-prometheus-engineer,Prometheus Engineer,Cloud & DevOps Engineering,Mid Level,Implements Prometheus monitoring solutions to track application performance metrics. Responsible for configuring alerts/dashboards based on metrics collected.,Prometheus; Monitoring; Alerting; Metrics; Kubernetes; Docker; Cloud Computing,7,Certified Kubernetes Administrator (CKA); Grafana Cloud Monitoring Certification; Prometheus Certified Associate (PCA),Grafana Engineer; Datadog Engineer; New Relic Engineer; Istio Engineer; AppDynamics Engineer
job-260-puppet-engineer,Puppet Engineer,Cloud & DevOps Engineering,Mid Level,Utilizes Puppet for configuration management tasks across environments. Responsibilities include writing manifests/scripts to automate system configurations.,Puppet; Ruby; Automation; Configuration Management; Linux; Cloud Computing; AWS; Azure; Infrastructure as Code,9,Puppet Certified Professional; Red Hat Certified Specialist in Configuration Management; AWS Certified DevOps Engineer,Puppet Operations Engineer; Chef Operations Engineer; Packer Engineer; Senior Ansible Development Engineer; Ansible Automation Engineer
job-261-puppet-operations-engineer,Puppet Operations Engineer,Cloud & DevOps Engineering,Mid Level,Utilizes Puppet for configuration management tasks. Responsible for writing manifests/scripts to automate system configurations across environments.,Puppet; Ruby; Automation; Configuration Management; Linux; Cloud Computing; AWS; Azure; Infrastructure as Code,9,Puppet Certification; AWS Certified DevOps Engineer – Professional; ITIL 4 Foundation; AWS Certified SysOps Administrator,Puppet Engineer; Chef Operations Engineer; Packer Engineer; Senior Ansible Development Engineer; Ansible Automation Engineer
job-262-pytest-engineer,PyTest Engineer,QA & Testing,Mid Level,Uses PyTest framework to write unit tests for Python applications. Responsible for ensuring code quality through automated testing practices.,PyTest; Python; Testing; Unit Testing; Test Automation; CI/CD,6,ISTQB Certified Tester; Certified Python Developer (PCAP; PCPP); Selenium WebDriver with Python Certification,JUnit Engineer; Selenium Engineer; Coverage.py Engineer; QA Engineer; JaCoCO Engineer
job-263-python-architect,Python Architect,Backend & Software Development,Senior,"Designs and leads the development of Python-based systems, ensuring scalability and maintainability.",Python; System Architecture; Design Patterns; Cloud Computing,4,Offensive Security Certified Professional (OSCP); GIAC Penetration Tester (GPEN),Software Architect; Java Architect; Python Developer; Full Stack Python Developer/Programmer/Engineer; Programmer
job-264-python-developer,Python Developer,Backend & Software Development,Mid Level,"Develops software applications using Python programming language. Responsibilities include writing code, debugging issues, and collaborating with other developers.",Python; Django; Flask; REST APIs; SQL; Data Structures; Algorithms; Cloud Computing; Linux; Docker; Git; Web Frameworks (Django; Flask); Data Analysis; Scripting,15,Microsoft Certified: Python Programming; Google Professional Data Engineer; AWS Certified Developer - Associate; PCAP (Certified Associate in Python Programming); PCEP (Certified Entry-Level Python Programmer),Full Stack Python Developer/Programmer/Engineer; Java Developer; Ruby on Rails Developer; Programmer; Coder
job-265-qa-engineer,QA Engineer,QA & Testing,Mid Level,Implements testing strategies to ensure software quality through manual/automated testing methods while collaborating with development teams on quality standards.,Automation Testing; Selenium; JUnit; TestNG; CI/CD; Python; Git; Jenkins; Test Automation; Agile Testing; Performance Testing,11,ISTQB Foundation Level; Certified Software Quality Analyst (CSQA); Certified Software Test Engineer (CSTE),Selenium Engineer; PyTest Engineer; JUnit Engineer; Coverage.py Engineer; Quality Assurance Manager
job-266-quality-assurance-manager,Quality Assurance Manager,QA & Testing,Lead / Manager,"Manages quality assurance processes, ensuring software quality through testing and automation.",QA Processes; Test Automation; Test Planning; Team Leadership,4,ISTQB Advanced Level Test Manager; Certified Quality Engineer (CQE),Software Quality Assurance Analyst; PyTest Engineer; Selenium Engineer; JUnit Engineer; QA Engineer
job-267-react-developer,React Developer,Frontend & Web Development,Mid Level,Develops user interfaces using React.js framework. Responsibilities include implementing responsive designs and optimizing application performance.,JavaScript; React; HTML; CSS; Node.js; Redux; UI/UX Design; Git,8,Meta Front-End Developer Certificate; React Nanodegree (Udacity); AWS Certified Developer - Associate,JavaScript Developer; Front End Web Developer; Front End Developer; Front-End Designer; Junior Front End Developer
job-268-release-manager,Release Manager,General IT & Software,Lead / Manager,"Manages software releases, coordinating activities and ensuring smooth deployments.",Release Management; CI/CD Pipelines; Coordination; Communication,4,ITIL 4 Foundation; Certified Agile Project Manager,
job-269-requirements-manager,Requirements Manager,Product & Project Management,Lead / Manager,"Manages requirements for IT projects, ensuring they are well-defined and communicated.",Requirements Gathering; Analysis; Documentation; Communication,4,Certified Business Analysis Professional (CBAP); PMI Professional in Business Analysis (PMI-PBA),Product Manager; Web Project Manager; Technical Product Manager; Project Manager; Program Manager
job-270-rigging-artist,Rigging Artist,"Game, VFX & Creative Production",Mid Level,Creates rigs for animating 3D characters.,Rigging; Animation; 3D Modeling; Character Setup,4,Autodesk Maya Certified Professional; Houdini Certification (SideFX),Visual Effects Animator; Unity Developer; VFX Artist; Layout Artist; Character Designer
job-271-robotics-engineer,Robotics Engineer,Blockchain & Emerging Tech,Mid Level,Designs robotic systems by developing software/hardware components that enable robots to perform tasks autonomously or semi-autonomously.,Robotics; C++; Python; ROS; Embedded Systems; Control Systems; Sensors; Actuators,8,Certified LabVIEW Developer (CLD); ROS (Robot Operating System) Certification; Siemens Mechatronic Systems Certification,INTERNET OF THINGS (IoT) DEVELOPER
job-272-ruby-on-rails-developer,Ruby on Rails Developer,Backend & Software Development,Mid Level,Develops web applications using Ruby on Rails framework while focusing on back-end logic/integrating front-end components.,Ruby on Rails; Ruby; SQL; HTML; CSS; JavaScript; REST APIs; Git,8,Ruby Association Certified Ruby Programmer; AWS Certified Developer - Associate,Full Stack Python Developer/Programmer/Engineer; Full Stack JAVA Developer/Programmer/Engineer; PHP Developer; Full Stack Developer; Sharepoint Developer
job-273-salesforce-developer,Salesforce Developer,Backend & Software Development,Mid Level,Customizes Salesforce platform by developing applications/components using Apex/Visualforce while ensuring alignment with business processes.,Salesforce; Apex; Visualforce; Lightning; SOQL; Salesforce Administration; REST APIs,7,Salesforce Certified Platform Developer I & II; Salesforce Certified Administrator,Sharepoint Developer; Ruby on Rails Developer; Mulesoft Developer; Python Developer; Java Developer
job-274-sap-consultant,SAP Consultant,Cloud & DevOps Engineering,Mid Level,"Consults on SAP system implementation, customization, and support.",SAP Modules; Business Process Analysis; Implementation; Customization,4,SAP Certified Application Associate; SAP Certified Development Specialist,ERP Consultant
job-275-search-engine-optimization,Search Engine Optimization,General IT & Software,Mid Level,No description available,SEO; Keyword Research; On-Page Optimization; Off-Page Optimization; Content Marketing; Analytics,6,Google Analytics Certification; HubSpot Content Marketing Certification; SEMrush SEO Fundamentals Certification,
job-276-security-administrator,Security Administrator,Cybersecurity,Mid Level,"Administers security systems, managing user access and enforcing security policies.",Security Tools; System Administration; User Management; Security Policies,4,CompTIA Security+; Microsoft Certified: Security Operations Analyst Associate,
job-277-security-consultant,Security Consultant,Cybersecurity,Mid Level,"Provides security consulting services, assessing risks and recommending security solutions.",Security Consulting; Risk Assessment; Compliance; Security Solutions,4,Certified Information Systems Security Professional (CISSP); Certified Information Security Manager (CISM),Security Manager; IT Security Specialist; Infosec Analyst/Cybersecurity Analyst; Director of Security; Cybersecurity Specialist
job-278-security-engineer,Security Engineer,Cybersecurity,Mid Level,Implements and manages security measures to protect computer systems and networks.,Security Protocols; Threat Analysis; Risk Management; Incident Response,4,Offensive Security Certified Professional (OSCP); Certified Ethical Hacker (CEH),Cybersecurity Engineer; IT Security Specialist; Infosec Analyst/Cybersecurity Analyst; Cybersecurity Specialist; Cybersecurity Analyst
job-279-security-manager,Security Manager,Cybersecurity,Lead / Manager,"Manages security teams and initiatives, ensuring the protection of IT assets.",Security Management; Risk Assessment; Compliance; Team Leadership,4,Certified Information Security Manager (CISM); Certified Information Systems Auditor (CISA),Security Consultant; IT Security Specialist; Infosec Analyst/Cybersecurity Analyst; Director of Security; Cybersecurity Specialist
job-280-security-specialist,Security Specialist,Cybersecurity,Mid Level,Protects organizational data by implementing security measures. Responsibilities include conducting risk assessments and responding to security incidents.,Security; Network Security; Firewalls; IDS/IPS; Vulnerability Management; Penetration Testing; Security Auditing; Security Protocols; Threat Analysis; Compliance; Risk Management,11,Certified Ethical Hacker (CEH); CISSP (Certified Information Systems Security Professional); CompTIA Security+; OSCP (Offensive Security Certified Professional); GIAC Security Essentials Certification (GSEC); Certified Cloud Security Professional (CCSP),Information Security Analyst; IT Security Specialist; Security Engineer; Mobile Security Specialist; Infosec Analyst/Cybersecurity Analyst
job-281-selenium-engineer,Selenium Engineer,QA & Testing,Mid Level,"Designs and develops automated test scripts using Selenium. Responsibilities include creating test plans, executing tests, and reporting defects.",Selenium; Test Automation; Java; Python; WebDriver; CI/CD; Testing Frameworks,7,ISTQB Advanced Test Automation Engineer; Certified Selenium Professional; Test Automation Engineer (TAE) Certification,PyTest Engineer; QA Engineer; JUnit Engineer; JaCoCO Engineer; Coverage.py Engineer
job-282-senior-ansible-development-engineer,Senior Ansible Development Engineer,Cloud & DevOps Engineering,Senior,Leads development efforts for Ansible-based automation solutions. Responsibilities include mentoring junior engineers and designing complex playbooks.,Ansible; Automation; Infrastructure as Code; Cloud Computing; AWS; Azure; Linux; Python; Scripting; Networking; Leadership,11,Red Hat Certified Specialist in Ansible Automation; AWS Certified DevOps Engineer - Professional,Ansible Automation Engineer; DevOps Engineer; Cloud engineer; Ansible Operations Engineer; Senior DevOps Engineer
job-283-senior-build-and-release-engineer,Senior Build and Release Engineer,Cloud & DevOps Engineering,Senior,Leads build/release engineering efforts within an organization. Manages complex build environments while ensuring timely delivery of software releases.,CI/CD; Jenkins; Git; Maven; Gradle; Docker; Kubernetes; Automation; Scripting; Linux; Build Tools; Leadership; Mentoring; CI/CD Pipelines; Build Systems; Configuration Management,16,Certified Jenkins Engineer; AWS Certified DevOps Engineer – Professional; Puppet Certified Professional,Build and Release Engineer; Senior Build Engineer; Build Engineer; Jenkins Engineer; DevOps Engineer
job-284-senior-build-engineer,Senior Build Engineer,Cloud & DevOps Engineering,Senior,Oversees build processes for software projects at a senior level. Responsible for optimizing build times and maintaining build infrastructure.,Maven; Gradle; Ant; Jenkins; CI/CD; Git; Build Automation; Scripting; Linux; Version Control; Leadership; Mentoring; Build Systems; Automation; Software Configuration Management,15,Jenkins Certification; AWS Certified Developer – Associate; Certified Jenkins Engineer (CJE); AWS Certified DevOps Engineer - Professional,Build Engineer; Senior Build and Release Engineer; Build and Release Engineer; Bamboo Engineer; Artifactory Engineer
job-285-senior-cloud-architect,Senior Cloud Architect,Cloud & DevOps Engineering,Senior,Designs and implements cloud solutions at a senior level. Responsibilities include cloud strategy development and providing guidance on cloud best practices.,Cloud Architecture; AWS; Azure; Google Cloud; Microservices; Kubernetes; Docker; Security; Leadership,9,AWS Certified Solutions Architect - Professional; Google Professional Cloud Architect; Microsoft Certified: Azure Solutions Architect Expert,Senior DevOps Architect; Cloud Architect; Kubernetes Engineer; kubernetes Administrator; DevOps Architect
job-286-senior-devops-architect,Senior DevOps Architect,Cloud & DevOps Engineering,Senior,Leads DevOps initiatives at an architectural level by designing CI/CD pipelines and promoting automation across development teams.,Cloud Computing; AWS; Azure; Google Cloud; Docker; Kubernetes; Terraform; Ansible; CI/CD; Automation; Security; Networking; Leadership,13,AWS Certified DevOps Engineer - Professional; Google Professional Cloud DevOps Engineer; Certified Kubernetes Administrator (CKA),DevOps Architect; Kubernetes Engineer; kubernetes Administrator; Senior DevOps Engineer; DevOps Engineer
job-287-senior-devops-engineer,Senior DevOps Engineer,Cloud & DevOps Engineering,Senior,Drives DevOps initiatives at a senior level. Responsibilities include mentoring team members and implementing automation strategies.,Docker; Kubernetes; CI/CD; AWS; Azure; Linux; Terraform; Ansible; Jenkins; Git; Automation; Networking; Python; Cloud Computing; Leadership; DevOps Practices; System Architecture,17,AWS Certified DevOps Engineer – Professional; Docker Certified Associate; Certified Jenkins Engineer (CJE); Kubernetes Certified Administrator (CKA),DevOps Engineer; DevOps Architect; Senior DevOps Architect; Kubernetes Engineer; kubernetes Administrator
job-288-senior-devsecops-architect,Senior DevSecOps Architect,Cloud & DevOps Engineering,Senior,Integrates security into DevOps practices at an architectural level by designing secure CI/CD pipelines and implementing security best practices.,DevSecOps; Cloud Security; Kubernetes; Docker; Terraform; Ansible; CI/CD; Security Automation; Vulnerability Management; Leadership,10,Certified DevSecOps Professional (CDP); AWS Certified Security - Specialty; Certified Kubernetes Security Specialist (CKS),DevSecOps Architect; DevSecOps Engineer; Senior DevOps Architect; Senior DevOps Engineer; GCP DevOps Engineer
job-289-senior-it-consultant,Senior IT Consultant,Cloud & DevOps Engineering,Senior,"Provides IT consulting services, managing projects and providing technical expertise.",IT Consulting; Project Management; Technical Expertise; Client Management,4,Certified Management Consultant (CMC); Certified Information Systems Security Professional (CISSP),Technology Sales Consultant; Information Technology Analyst; Cloud Migration Specialist; JIRA Engineer; Jira Administrator
job-290-senior-sre-architect,Senior SRE Architect,Site Reliability & Platform Engineering,Senior,Leads SRE efforts at an architectural level by designing scalable/reliable systems while improving incident response strategies.,SRE; Monitoring; Kubernetes; Docker; Cloud Platforms; Linux; Automation; DevOps; CI/CD; Python; Networking; Leadership,12,Google Professional Cloud DevOps Engineer; Certified Kubernetes Administrator (CKA); AWS Certified Solutions Architect - Professional,Senior SRE Engineer; SRE Engineer; Site Reliability Engineer (Kubernetes – Docker); SRE Architect; Kubernetes Operations Engineer
job-291-senior-sre-engineer,Senior SRE Engineer,Site Reliability & Platform Engineering,Senior,Drives site reliability efforts by implementing monitoring solutions and automating incident response. Responsible for improving service availability.,SRE; Monitoring; Kubernetes; Docker; Cloud Platforms; Linux; Automation; DevOps; CI/CD; Python; Networking; Leadership,12,Google Professional Cloud DevOps Engineer; Certified Kubernetes Administrator (CKA); AWS Certified Solutions Architect - Professional,Senior SRE Architect; SRE Engineer; Site Reliability Engineer (Kubernetes – Docker); SRE Architect; Kubernetes Operations Engineer
job-292-seo-consultant,SEO Consultant,Cloud & DevOps Engineering,Mid Level,"Advises on SEO strategies, improving website visibility and organic traffic.",Search Engine Optimization; Keyword Research; Content Optimization; Link Building,4,Google SEO Fundamentals; HubSpot Content Marketing Certification,
job-293-seo-manager,SEO Manager,Sales & Technical Consulting,Lead / Manager,"Manages SEO initiatives, leading teams and monitoring performance.",SEO Strategy; Team Leadership; Performance Monitoring; Reporting,4,Google Analytics Individual Qualification (GAIQ); SEMrush SEO Toolkit Course,
job-294-sharepoint-developer,Sharepoint Developer,Backend & Software Development,Mid Level,Develops applications on SharePoint platform using technologies like .NET and JavaScript. Responsibilities include customizing SharePoint sites and building web parts.,SharePoint; NET; C#; JavaScript; PowerShell; SharePoint Framework; REST APIs,7,Microsoft Certified: SharePoint Developer; Microsoft 365 Certified: Developer Associate,Ruby on Rails Developer; .NET Developer; C# Developer; Microsoft Dynamics Developer; Full Stack Python Developer/Programmer/Engineer
job-295-sharepoint-manager,Sharepoint Manager,General IT & Software,Lead / Manager,"Manages SharePoint environments, leading teams and ensuring efficient collaboration.",SharePoint; Team Leadership; Project Management; Collaboration,4,Microsoft Certified: Power Platform Solution Architect; Microsoft 365 Certified: Teams Administrator Associate,Manager Unix; Manager Php; Manager .NET; Computer and Information Research Manager; Technical Lead
job-296-site-reliability-engineer-kubernetes-docker,SITE RELIABILITY ENGINEER (KUBERNETES Â€ï¿½ DOCKER),Site Reliability & Platform Engineering,Mid Level,Ensures the reliability and performance of systems running on Kubernetes and Docker.,Kubernetes; Docker; System Reliability; Automation; Monitoring,5,AWS Certified DevOps Engineer - Professional; Kubernetes Certified Administrator (CKA),SRE Architect; SRE Engineer; Site Reliability Engineer (Kubernetes – Docker); Senior SRE Engineer; Senior SRE Architect
job-297-site-reliability-engineer-kubernetes-docker,Site Reliability Engineer (Kubernetes – Docker),Site Reliability & Platform Engineering,Mid Level,Focuses on maintaining high availability of containerized applications using Kubernetes/Docker while implementing SRE best practices.,SRE; Kubernetes; Docker; Linux; Cloud Computing; Monitoring; Automation; CI/CD; Networking; Troubleshooting,10,Certified Kubernetes Administrator (CKA); Docker Certified Associate,SRE Architect; Senior SRE Engineer; Senior SRE Architect; SRE Engineer; Kubernetes Operations Engineer
job-298-software-architect,Software Architect,Backend & Software Development,Senior,"Designs and leads the development of software systems, ensuring scalability and maintainability.",System Architecture; Design Patterns; Programming Languages; Cloud Computing,4,AWS Certified Solutions Architect - Professional; TOGAF Certified Enterprise Architect,Python Architect; Java Architect; Software Development Engineer; Lead Programmer; Application Engineer
job-299-software-developer,Software Developer,Software Development (General),Mid Level,"Develops software applications based on specifications provided by stakeholders. Responsibilities include coding, testing, debugging, and collaborating on projects.",Programming; Algorithms; Data Structures; Debugging; Software Development; Python; Java; C++,8,Microsoft Certified: Azure Developer Associate; AWS Certified Developer - Associate; Oracle Certified Professional Java SE Developer,Developer; Software Engineer; Entry Level Developer; New Grad Software Engineer; Junior Software Engineer
job-300-software-development-engineer,Software Development Engineer,Backend & Software Development,Mid Level,"Develops software applications, implementing algorithms and solving complex problems.",Software Development; Programming Languages; Algorithm Design; Problem Solving,4,AWS Certified Developer; Microsoft Certified: Azure Developer Associate,Lead Programmer; Coder; Computer Programmer; Entry Level Programmer; Software Architect
job-301-software-development-manager,Software Development Manager,Software Development (General),Lead / Manager,"Manages software development teams and projects, ensuring efficient development practices.",Software Development; Team Leadership; Project Management; Software Architecture,4,PMP (Project Management Professional); Certified ScrumMaster (CSM),Software Developer; Developer; Fortify Engineer; Entry Level Developer
job-302-software-engineer,Software Engineer,Software Development (General),Mid Level,"Designs, develops, and tests software applications to meet business needs. Requires strong problem-solving skills and knowledge of software development methodologies.",Java; C++; Python; Algorithms; Data Structures; Software Design; Git; Jenkins; CI/CD; Cloud Computing,10,Microsoft Certified: Azure Developer Associate; AWS Certified Developer - Associate; Oracle Certified Professional Java SE Developer,Software Developer; Developer; New Grad Software Engineer; Junior Software Engineer; Junior Software Developer
job-303-software-quality-assurance-analyst,Software Quality Assurance Analyst,QA & Testing,Mid Level,Ensures software quality through testing and reporting.,QA Processes; Test Planning; Test Execution; Reporting,4,ISTQB Foundation Level Certification; Certified Software Quality Analyst (CSQA),Quality Assurance Manager
job-304-sonarqube-engineer,SonarQube Engineer,Cloud & DevOps Engineering,Mid Level,Manages SonarQube instance to measure/track code quality. Responsible for configuring quality profiles/gates while providing feedback to development teams.,SonarQube; Code Quality; Static Code Analysis; Java; NET; Security; CI/CD,7,Certified Secure Software Lifecycle Professional (CSSLP); OWASP Top 10 Security Testing Certifications,Octopus Deploy Engineer; New Relic Engineer; Micro services / API Lead Designer; MAVEN Engineer; Gradle Engineer
job-305-splunk-engineer,Splunk Engineer,Cloud & DevOps Engineering,Mid Level,"Implements Splunk solutions for log analysis, security monitoring, and operational intelligence. Responsible for creating dashboards/alerts and managing data ingestion.",Splunk; Data Analysis; Log Management; Security; Dashboards; Alerting; Scripting; Linux; AWS; Azure; System Monitoring,11,Splunk Core Certified Power User; Splunk Enterprise Security Admin; Kubernetes Certified Administrator (CKA); Docker Certified Associate,Cloud engineer; Cloud administrator; Nagios Engineer; Kubernetes Engineer; kubernetes Administrator
job-306-splunk-enterprise-security-engineer,Splunk Enterprise Security Engineer,Cybersecurity,Mid Level,Manages Splunk Enterprise Security environment to detect/respond to security incidents. Requires expertise in threat detection techniques.,Splunk Enterprise Security; Security Information and Event Management (SIEM); Threat Detection; Incident Response; Security Analysis,5,Splunk Core Certified User; Splunk Core Certified Power User; Splunk Enterprise Security Certified Admin,Security Engineer; Machine Learning Engineer for Cybersecurity; Infosec Analyst/Cybersecurity Analyst; Director of Security; Cybersecurity Specialist
job-307-sql-developer,SQL Developer,Data & Database Engineering,Mid Level,"Writes SQL code for database applications. Responsibilities include creating stored procedures, optimizing queries, and designing database schemas.",SQL; T-SQL; SQL Server; Database Design; Performance Tuning; ETL; SSRS; SSIS; Data Modeling,9,Microsoft Certified: Azure Data Engineer Associate; Oracle Database SQL Certified Associate,Database Architect; Oracle SQL Developer; Oracle Developer; Data Architect; Database Administrator
job-308-sre-architect,SRE Architect,Site Reliability & Platform Engineering,Senior,Designs Site Reliability Engineering strategies to improve system reliability while reducing operational overheads through automation.,SRE; Cloud Architecture; Kubernetes; Docker; Monitoring; Incident Management; Automation; CI/CD; Networking,9,Google Professional Cloud DevOps Engineer; Certified Kubernetes Administrator (CKA); AWS Certified Solutions Architect - Professional,Site Reliability Engineer (Kubernetes – Docker); Senior SRE Engineer; Senior SRE Architect; SRE Engineer; SITE RELIABILITY ENGINEER (KUBERNETES Â€ï¿½ DOCKER)
job-309-sre-engineer,SRE Engineer,Site Reliability & Platform Engineering,Mid Level,"Implements Site Reliability Engineering practices by monitoring systems, responding to incidents, and automating operational tasks.",SRE; Monitoring; Kubernetes; Docker; Cloud Platforms; Linux; Automation; DevOps; CI/CD; Python,10,Google Professional Cloud DevOps Engineer; Certified Kubernetes Administrator (CKA); AWS Certified Solutions Architect - Professional,Senior SRE Engineer; Senior SRE Architect; Site Reliability Engineer (Kubernetes – Docker); SRE Architect; SITE RELIABILITY ENGINEER (KUBERNETES Â€ï¿½ DOCKER)
job-310-storyboard-artist,Storyboard Artist,"Game, VFX & Creative Production",Mid Level,"Creates storyboards for films, animations, and other media.",Storyboarding; Drawing; Visual Communication; Film/Animation,4,Storyboard Pro Certification; Animation Mentor Storyboarding Course,Character Designer; Animator; 2d Artist/Animator; Computer Graphics Animator
job-311-systems-administrator,Systems Administrator,Networking & Systems Administration,Mid Level,"Manages computer systems within an organization. Responsibilities include configuring servers, troubleshooting issues, and ensuring system security.",Linux Administration; Windows Server Administration; Networking; Troubleshooting; Scripting; Virtualization,6,CompTIA Linux+; Red Hat Certified System Administrator (RHCSA); Microsoft Certified: Windows Server Hybrid Administrator Associate,Network and Systems Administrator; Manager Linux; Linux Administrator; IT Systems Administrator; Computer Network Specialist
job-312-systems-engineer,Systems Engineer,Software Development (General),Mid Level,"Designs and implements IT systems that meet business requirements. Responsibilities include system integration, testing, and deployment.",Systems Design; Linux Administration; Windows Server Administration; Networking; Cloud Computing,5,CompTIA Server+; Microsoft Certified: Azure Solutions Architect Expert; Red Hat Certified Engineer (RHCE),IT Engineer; Powershell Engineer; Software Engineer; ELK Engineer
job-313-systems-integration-manager,Systems Integration Manager,Enterprise Systems & ERP/CRM,Lead / Manager,"Manages systems integration projects, leading teams and ensuring successful integration.",Systems Integration; Project Management; Team Leadership; Communication,4,TOGAF 9 Certified; Microsoft Certified: Azure Integration Architect,
job-314-teamcity-engineer,TeamCity Engineer,Cloud & DevOps Engineering,Mid Level,Manages TeamCity CI/CD server by configuring build configurations/pipelines and integrating with source control systems.,TeamCity; CI/CD; Build Automation; Version Control; Git,5,JetBrains TeamCity Certification (if available); AWS Certified DevOps Engineer - Professional,MAVEN Engineer; Gradle Engineer; Bamboo Engineer; Build Engineer; GitLab Engineer
job-315-tech-sales-engineer,Tech Sales Engineer,Sales & Technical Consulting,Mid Level,Supports sales efforts by providing technical expertise during presentations/demonstrations while answering questions about technical aspects.,Technical Sales; Product Knowledge; Customer Engagement; Networking Technologies,4,AWS Certified Cloud Practitioner; Google Cloud Digital Leader; Microsoft Certified: Azure Fundamentals,
job-316-technical-account-manager,Technical Account Manager,General IT & Software,Lead / Manager,Manages relationships with technical customers while providing support/guidance on their technology needs. Acts as a liaison between customer/engineering teams.,Account Management; Technical Support; Customer Relationship Management (CRM); Project Management; Customer Relationship Management; Sales,6,AWS Certified Solutions Architect - Associate; Google Professional Cloud Architect; Microsoft Certified: Azure Administrator Associate; AWS Certified Cloud Practitioner; Google Cloud Digital Leader,Sharepoint Manager; Manager Unix; Manager Php; Manager .NET; Computer and Information Research Manager
job-317-technical-animator,Technical Animator,"Game, VFX & Creative Production",Mid Level,Develops tools and workflows for animation production.,Technical Animation; Scripting; Programming; Animation Software,4,Certified Technical Artist (Unity); Unreal Engine Technical Animator Certification,Motion Graphics Artist; Effects Technical Director (FX TD); Animator; 2d Artist/Animator; Computer Graphics Animator
job-318-technical-lead,Technical Lead,General IT & Software,Lead / Manager,Leads technical teams on projects by providing guidance/mentorship while driving technical direction/decisions within projects.,Team Leadership; Project Management; Software Development Lifecycle (SDLC); Agile Methodologies; Technical Leadership; Software Development; Mentoring,7,AWS Certified Solutions Architect - Professional; Microsoft Certified: Azure Solutions Architect Expert; Google Professional Cloud Architect; AWS Certified Solutions Architect,Sharepoint Manager; Manager Unix; Manager Php; Manager .NET; Computer and Information Research Manager
job-319-technical-operations-officer,Technical Operations Officer,General IT & Software,Mid Level,"Manages technical operations, ensuring the stability and performance of IT systems.",Technical Operations; Infrastructure Management; System Administration; Incident Response,4,ITIL 4 Leader: Digital & IT Strategy; AWS Certified DevOps Engineer - Professional,
job-320-technical-product-manager,Technical Product Manager,Product & Project Management,Lead / Manager,"Manages technical products, defining product strategy and gathering requirements.",Product Management; Technical Expertise; Market Analysis; Requirements Gathering,4,Certified Scrum Product Owner (CSPO); Pragmatic Institute Certification,Product Manager; Requirements Manager
job-321-technology-adoption-manager,Technology Adoption Manager,Executive & Technology Leadership,Lead / Manager,"Manages technology adoption initiatives, providing training and communication to ensure successful adoption.",Technology Adoption; Training; Communication; Change Management,4,AWS Certified Cloud Practitioner; ITIL 4 Digital & IT Strategy,Integration Director; Implementation Director; Director of Engineering
job-322-technology-assistant,Technology Assistant,IT Support & Operations,Mid Level,Provides technical and administrative support to IT teams.,Technical Support; Administrative Support; Hardware/Software; Troubleshooting,4,CompTIA IT Fundamentals+; Microsoft Office Specialist (MOS),IT Technician; IT Support Specialist; Help Desk Technician; Computer Support Specialist; IT Apprentice
job-323-technology-manager,Technology Manager,Executive & Technology Leadership,Lead / Manager,"Manages IT teams and projects, ensuring efficient operations.",IT Management; Team Leadership; Project Management; Budgeting,4,Certified Information Systems Security Professional (CISSP); ITIL 4 Managing Professional,IT Director; Director Oracle; Integration Director; Implementation Director; Director Hardware
job-324-technology-officer,Technology Officer,Executive & Technology Leadership,Mid Level,"Provides technology leadership, defining IT strategy and driving innovation.",IT Strategy; Leadership; Innovation; Project Management,4,Certified Chief Information Security Officer (CCISO); ITIL 4 Strategic Leader,Chief Information Officer (CIO); Chief Information Officer; Director of Engineering; Technology Manager; IT Director
job-325-technology-sales-consultant,Technology Sales Consultant,Cloud & DevOps Engineering,Mid Level,"Sells technology solutions, providing technical expertise and building customer relationships.",Sales; Technology Solutions; Customer Relationship Management; Technical Expertise,4,ITIL 4 Foundation; CompTIA IT Fundamentals,Senior IT Consultant
job-326-technology-specialist,Technology Specialist,IT Support & Operations,Mid Level,"Provides technical expertise and support, resolving complex IT issues.",Technical Expertise; Problem Solving; Troubleshooting; IT Support,4,AWS Certified Solutions Architect; Microsoft Certified: Azure Solutions Architect Expert,Technology Assistant; IT Technician; IT Support Specialist; IT Apprentice; Help Desk Technician
job-327-terraform-engineer,Terraform Engineer,Cloud & DevOps Engineering,Mid Level,Writes Terraform scripts to automate infrastructure provisioning across cloud platforms. Requires expertise in Infrastructure as Code (IaC) practices.,Terraform; Infrastructure as Code (IaC); AWS; Azure; Google Cloud,5,HashiCorp Certified: Terraform Associate; AWS Certified DevOps Engineer - Professional,Packer Engineer; Senior DevOps Architect; Cloud automation engineer; Senior Cloud Architect; DevOps Architect
job-328-tfs-engineer,TFS Engineer,Cloud & DevOps Engineering,Mid Level,Manages Team Foundation Server (TFS) to support software development processes. Responsibilities include configuring build pipelines and managing version control.,TFS (Team Foundation Server); NET Development Tools; NET Framework,3,Microsoft Certified: DevOps Engineer Expert; Azure DevOps Solutions Certification,
job-329-udeploy-engineer,UDeploy Engineer,Software Development (General),Mid Level,Manages deployment processes using UrbanCode Deploy. Responsibilities include configuring deployment projects and automating release workflows.,UDeploy (UrbanCode Deploy); CI/CD; Automation; Deployment Strategies; Version Control,5,IBM UrbanCode Deploy Certification; AWS Certified DevOps Engineer - Professional,Git Engineer; Bitbucket Engineer; Powershell Engineer; Software Engineer
job-330-ui-user-interface-designer,UI (User Interface) Designer,UX/UI & Product Design,Mid Level,"Designs user interfaces, ensuring usability and aesthetic appeal.",UI Design; User Research; Prototyping; Usability Testing,4,Google UX Design Certificate; Nielsen Norman Group UX Certification,UX/UI Specialist; UX/UI Designer; UX Designer; Interaction Designer; UX/UI Researcher
job-331-ui-designer,UI Designer,UX/UI & Product Design,Mid Level,Designs user interfaces that are visually appealing while intuitive to use. Responsibilities include creating mockups/prototypes and conducting user research.,UI Design Principles; Wireframing; Prototyping; Adobe Creative Suite; Figma; User Testing,6,Google UX Design Professional Certificate; Nielsen Norman Group UX Certification; Adobe Certified Expert (ACE),UX Designer; Interaction Designer; Information Architect; UX/UI Specialist; UX/UI Designer
job-332-ui-developer,UI Developer,Frontend & Web Development,Mid Level,"Develops user interfaces using HTML5, CSS3, JavaScript while focusing on responsive design principles. Collaborates with UI designers to implement designs.",HTML5; CSS3; JavaScript; jQuery; Responsive Design; AngularJS; ReactJS,7,Meta Front-End Developer Certificate; AWS Certified Developer - Associate; React Nanodegree (Udacity),Web Developer; Front-End Designer; Front End Developer; Junior Web Developer; React Developer
job-333-unity-developer,Unity Developer,"Game, VFX & Creative Production",Mid Level,Develops interactive content with Unity engine including 3D simulations while working with assets created by graphic designers,Unity3D Engine; C#; Game Development Principles; 3D Modeling; Animation,5,Unity Certified Associate: Game Developer; Unity Certified Expert Programmer,Visual Effects Animator; Rigging Artist; Game Developer; VFX Artist; Layout Artist
job-334-ux-designer,UX Designer,UX/UI & Product Design,Mid Level,Conducts user research studies to gather insights on user behavior. Create wireframes/mockups based on data collected from research initiatives,User Experience Design Principles; User Research; Wireframing; Prototyping; Usability Testing; Interaction Design,6,Google UX Design Professional Certificate; Nielsen Norman Group UX Certification; Adobe Certified Expert (ACE),Interaction Designer; UX/UI Specialist; UX/UI Designer; UI (User Interface) Designer; Information Architect
job-335-ux-ui-designer,UX/UI Designer,UX/UI & Product Design,Mid Level,"Designs user interfaces and experiences, ensuring usability and aesthetic appeal.",UX/UI Design; User Research; Prototyping; Usability Testing,4,Nielsen Norman Group UX Certification; Google UX Design Professional Certificate,UX/UI Specialist; UI (User Interface) Designer; UX Designer; Interaction Designer; UX/UI Researcher
job-336-ux-ui-researcher,UX/UI Researcher,UX/UI & Product Design,Mid Level,Conducts user research and usability testing to inform design decisions.,User Research; Usability Testing; Data Analysis; Reporting,4,Nielsen Norman Group UX Certification; Google UX Design Certificate,UX/UI Specialist; UX/UI Designer; UI (User Interface) Designer; UX Designer; Interaction Designer
job-337-ux-ui-specialist,UX/UI Specialist,UX/UI & Product Design,Mid Level,"Designs user interfaces and experiences, ensuring usability and aesthetic appeal.",UX/UI Design; User Research; Prototyping; Usability Testing,4,Interaction Design Foundation (IDF) Certification; HFI Certified Usability Analyst,UX/UI Designer; UI (User Interface) Designer; UX Designer; Interaction Designer; UX/UI Researcher
job-338-vault-engineer,Vault Engineer,Cloud & DevOps Engineering,Mid Level,Implement secret management to the cloud application.,HashiCorp Vault; Secrets Management; Encryption; Access Control; Cloud Security,5,HashiCorp Certified: Vault Associate; AWS Certified Security - Specialty,Cloud/Software Architect; Falco Engineer; Senior DevSecOps Architect; DevSecOps Architect; DevSecOps Engineer
job-339-vfx-artist,VFX Artist,"Game, VFX & Creative Production",Mid Level,"Creates visual effects for films, television, and other media.",Visual Effects; Compositing; 3D Modeling; Simulation,4,Adobe Certified Professional in After Effects; Autodesk Maya Certified User,Visual Effects Animator; Compositor; Computer Graphics Animator; Rigging Artist; Motion Graphics Artist
job-340-visual-effects-animator,Visual Effects Animator,"Game, VFX & Creative Production",Mid Level,"Creates visual effects for films, television, and other media.",Visual Effects; Animation; Compositing; 3D Modeling,4,Autodesk Maya Certified Professional; Nuke Certification (Foundry),VFX Artist; Rigging Artist; Compositor; Unity Developer; Computer Graphics Animator
job-341-web-analytics-developer,Web Analytics Developer,Frontend & Web Development,Mid Level,Implements web analytics tools and analyzes data to improve website performance.,Web Analytics Tools; Data Analysis; Reporting; A/B Testing,4,Google Analytics Individual Qualification (GAIQ); Adobe Analytics Business Practitioner,
job-342-web-content-manager,Web Content Manager,Frontend & Web Development,Lead / Manager,"Manages web content, ensuring it is accurate, engaging, and optimized for search engines.",Content Creation; Content Strategy; CMS; SEO,4,HubSpot Content Marketing Certification; Google Analytics Individual Qualification (GAIQ),Web Producer
job-343-web-designer,Web Designer,Frontend & Web Development,Mid Level,"Creates visual designs and layouts for websites, ensuring aesthetic appeal and usability.",Web Design; Graphic Design; UI/UX Principles; Wireframing,4,Adobe Certified Expert (ACE); Google Mobile Web Specialist,Webmaster; Web Designer (UI/UX Designer)
job-344-web-designer-ui-ux-designer,Web Designer (UI/UX Designer),Frontend & Web Development,Mid Level,"Create front end web application using HTML, Css, JS.",UI/UX Design; Wireframing; Prototyping; Adobe Creative Suite; Figma,5,Google UX Design Certificate; Adobe Certified Expert (ACE); Nielsen Norman Group UX Certification,Web Designer; Front-End Designer; React Developer; JavaScript Developer; Front End Web Developer
job-345-web-developer,Web Developer,Frontend & Web Development,Mid Level,"Develops and maintains websites and web applications. Responsibilities include writing code, debugging, and ensuring optimal performance across different browsers and devices.",HTML5; CSS3; JavaScript; React; Node.js; AngularJS; PHP; HTML; CSS; Web Development; Frameworks,11,Meta Front-End Developer Certificate; AWS Certified Developer - Associate; Google Mobile Web Specialist; Microsoft Certified: Azure Developer Associate,React Developer; JavaScript Developer; Front End Web Developer; Front End Developer; UI Developer
job-346-web-engineer,Web Engineer,Frontend & Web Development,Mid Level,"Designs and implements web infrastructure, ensuring scalability and reliability.",Web Technologies; System Architecture; Performance Optimization; Security,4,Microsoft Certified: Azure Solutions Architect; Google Professional Cloud Developer,E-Commerce Developer
job-347-web-producer,Web Producer,Frontend & Web Development,Mid Level,"Manages the creation and delivery of web content, coordinating with stakeholders.",Web Content Management; Project Management; Content Strategy; Collaboration,4,Certified Scrum Product Owner (CSPO); Agile Certified Practitioner (PMI-ACP),Web Content Manager
job-348-web-project-manager,Web Project Manager,Product & Project Management,Lead / Manager,"Manages web development projects, ensuring they are completed on time and within budget.",Project Management; Web Development; Communication; Budgeting,4,PMP (Project Management Professional); Certified ScrumMaster (CSM),Project Manager; Agile Project Manager; Requirements Manager; Program Manager; Digital Program Manager
job-349-webmaster,Webmaster,Frontend & Web Development,Mid Level,"Manages websites, ensuring functionality, security, and content quality.",Web Development; Web Design; System Administration; Content Management,4,Google Analytics Individual Qualification; HubSpot CMS for Developers Certification,Web Designer; E-Commerce Developer; Web Developer
job-350-wordpress-developer,WordPress Developer,Backend & Software Development,Mid Level,"Creates and customizes WordPress websites. Responsibilities include developing themes/plugins, managing content, and ensuring website functionality.",WordPress; PHP; MySQL; HTML5; CSS3; JavaScript,6,Yoast SEO Certification; Google Mobile Sites Certification; WP Elevation Certification,PHP Developer; Sharepoint Developer; Ruby on Rails Developer; Full Stack Python Developer/Programmer/Engineer; Full Stack Developer
job-351-xl-deploy-engineer,XL Deploy Engineer,Cloud & DevOps Engineering,Mid Level,"Manages deployment processes using XL Deploy. Responsibilities include configuring deployment pipelines, automating releases, and ensuring application availability.",XL Deploy; Deployment Automation; CI/CD; Version Control; DevOps Practices; Configuration Management,6,XL Deploy Certification; DevOps Institute Certifications; Splunk Core Certified User; Splunk Enterprise Certified Admin,GitLab Engineer; TeamCity Engineer; Jenkins Engineer; Octopus Deploy Engineer; Artifactory Engineer
job-352-zabbix-engineer,Zabbix Engineer,Cloud & DevOps Engineering,Mid Level,"Implements Zabbix monitoring solutions to track system performance and availability. Responsible for configuring alerts, dashboards, and monitoring metrics.",Zabbix; Monitoring Tools; Alerting Systems; Network Monitoring; System Monitoring; Alerting,6,Zabbix Certified Specialist; Zabbix Certified Professional; No direct certification; recommended: Kubernetes Certified Administrator (CKA); CI/CD Pipelines Specialist,Nagios Engineer; Splunk Engineer; Prometheus Engineer; New Relic Engineer; AppDynamics Engineer
